datetime,nds_wt_PC1,nds_wt_PC2,nds_wt_PC3,nds_wt_PC4,nds_wt_PC5,nds_wt_PC6,nds_wt_PC7,nds_wt_PC8,nds_wt_PC9,nds_wt_PC10,nd_wt_PC1,nd_wt_PC2,nd_wt_PC3,nd_wt_PC4,nd_wt_PC5,nd_wt_PC6,nd_wt_PC7,nd_wt_PC8,nd_wt_PC9,nd_wt_PC10,nd_PC1,nd_PC2,nd_PC3,nd_PC4,nd_PC5,nd_PC6,nd_PC7,nd_PC8,nd_PC9,nd_PC10,nw_PC1,nw_PC2,nw_PC3,nw_PC4,nw_PC5,nw_PC6,nw_PC7,nw_PC8,nw_PC9,nw_PC10
7/12/2015 0:00,6.36E-18,-5.85E-18,9.19E-18,-2.30E-18,1.64E-17,-4.10E-17,2.62E-17,-2.01E-18,1.62E-17,-2.58E-17,5.64E-18,-2.95E-18,7.64E-18,4.90E-18,-4.33E-18,2.92E-18,-1.91E-17,8.85E-18,-1.61E-17,2.05E-17,5.70E-18,-8.73E-18,-2.48E-18,2.11E-18,-7.22E-18,5.82E-18,-3.84E-18,4.43E-18,-8.93E-18,3.08E-17,3.04E-18,3.75E-17,-6.22E-18,7.84E-18,-2.06E-17,2.49E-17,-4.00E-17,4.09E-17,-6.18E-18,4.15E-17
7/12/2015 1:00,0.005205367,-0.005758216,0.006384264,-0.021160104,-0.004895186,-0.024259947,-0.004559381,-0.032623766,0.029068952,0.03081856,-0.004506314,-0.015649809,-0.011290417,0.008012596,0.008409372,0.010023491,-0.020045786,0.007721445,-0.035328396,-0.005384011,-0.000205698,-0.001153643,0.014080014,0.000869073,-0.015577269,-0.005921634,-0.016037071,-0.003282706,0.002557759,0.027184224,0.001084589,-0.005194113,-0.003099233,0.000843133,0.006208233,0.015841833,0.000504573,0.001133317,-0.013782737,0.018759956
7/12/2015 2:00,0.012715488,0.0004734,-0.004891399,-0.049666501,-0.001292346,-0.040260009,-0.017887028,-0.060794248,0.044021409,0.034065332,-0.008649211,-0.033771076,-0.021697213,0.012650577,0.0193903,0.01212501,-0.038990799,0.011561965,-0.062296226,-0.00241694,-0.000705658,-0.000757717,0.02669451,0.004226372,-0.031356021,-0.013263235,-0.030878691,-0.006934691,0.007221135,0.046261435,0.001916569,-0.010455417,-0.005282173,0.001886425,0.015367877,0.029491077,0.002012179,0.00897873,-0.020916117,0.040929255
7/12/2015 3:00,0.019681222,-0.013723301,0.000378671,-0.050208997,-0.000158663,-0.05364274,-0.034124747,-0.088676329,0.059023618,0.053731568,-0.011966095,-0.051941379,-0.031249914,0.019533457,0.021826508,0.012506609,-0.057021565,0.002838865,-0.081588052,-0.004113802,-0.001146847,-8.19E-05,0.037464923,0.010047921,-0.046115439,-0.016779612,-0.040365134,-0.0101328,0.013947567,0.069949208,0.002559923,-0.014452155,-0.007963395,0.000316754,0.022153081,0.043442717,0.001093435,0.010113926,-0.025840433,0.063137087
7/12/2015 4:00,0.027896183,-0.008711503,0.00812242,-0.061198704,-0.00733923,-0.067924499,-0.041195126,-0.094030301,0.073652,0.053942299,-0.013836247,-0.063723487,-0.03912462,0.018576447,0.027746594,0.011595268,-0.076075502,0.010940764,-0.096431971,-0.008611754,0.000188231,-0.000589324,0.048879773,0.012512611,-0.054556361,-0.024244121,-0.050278163,-0.00923693,0.019380299,0.086733384,0.00348893,-0.016493617,-0.009843484,-0.001907979,0.029424174,0.05165294,0.002447862,0.014699694,-0.037664269,0.073617618
7/12/2015 5:00,0.033511583,-0.005878037,0.008177605,-0.078602779,0.002632853,-0.094637975,-0.051646048,-0.097473822,0.074673256,0.054124009,-0.017011008,-0.076776052,-0.046469634,0.016650589,0.030570353,0.010964822,-0.087688918,0.01274482,-0.109313757,-0.00331602,-0.00072313,0.000278458,0.056946731,0.017328636,-0.0622909,-0.029483492,-0.057230499,-0.009863697,0.021934406,0.09647063,0.003865049,-0.019888463,-0.011830183,-0.004629863,0.036222239,0.05872123,0.001360357,0.019097766,-0.042619373,0.082595128
7/12/2015 6:00,0.038205125,-0.00715349,0.018218701,-0.08341911,0.009568822,-0.106281641,-0.054775044,-0.10224803,0.076211844,0.077680983,-0.018817874,-0.087589345,-0.051275571,0.019003693,0.033984413,0.010459232,-0.110799739,0.012663426,-0.119642679,-0.001818208,2.69E-06,-0.001438549,0.06614432,0.020636355,-0.069706975,-0.031671777,-0.065142452,-0.010474836,0.029309162,0.117553571,0.004541586,-0.021635488,-0.014187445,-0.004479284,0.040468169,0.064512865,-0.000941431,0.023379528,-0.048290507,0.096772259
7/12/2015 7:00,0.05227556,0.011110025,0.028114958,-0.107515945,0.01610194,-0.133631353,-0.056273447,-0.114389583,0.074639172,0.07868467,-0.021141765,-0.101435905,-0.058033258,0.026437533,0.03233091,0.005603861,-0.134896841,0.019190235,-0.12395196,0.006985869,6.58E-05,-0.002836916,0.075628171,0.023254593,-0.081482364,-0.033578108,-0.071725908,-0.00552725,0.032181656,0.141468841,0.005154415,-0.02394698,-0.017846091,-0.007869505,0.041110388,0.073427514,-0.001227197,0.031518456,-0.055746793,0.113609296
7/12/2015 8:00,0.061878924,0.002852513,0.030056813,-0.099560817,0.040643638,-0.146009277,-0.073498113,-0.0827504,0.006532817,0.126546106,-0.01741054,-0.115099094,-0.06389962,0.023616392,0.036643224,-0.022676846,-0.158318367,0.008028049,-0.100802936,0.062808825,0.003872904,-0.001023126,0.079862425,0.030393634,-0.088079946,-0.043146272,-0.069498572,-0.000383543,0.033625269,0.152236108,0.0055032,-0.019943535,-0.017865058,-0.015524083,0.048127309,0.077247557,0.003533582,0.043583085,-0.059282833,0.13152214
7/12/2015 9:00,0.075295008,0.014027649,0.031097346,-0.093438678,0.053350593,-0.121896891,-0.07532136,-0.06620528,-0.023765974,0.177461011,-0.002059262,-0.124129181,-0.052016501,0.002716668,0.043343572,-0.041754006,-0.148302542,0.029161219,-0.091007366,0.098519989,0.017429748,-0.007589986,0.077146661,0.046063095,-0.084979264,-0.058434705,-0.061479908,0.014892685,0.023236266,0.125186029,0.006748019,-0.002351625,-0.01546422,-0.02396985,0.060377878,0.079350448,-0.000231502,0.070083469,-0.053656674,0.121244754
7/12/2015 10:00,0.093070313,0.029618073,0.034296649,-0.110896885,0.062422015,-0.088005029,-0.048522295,-0.035436705,-0.073947308,0.214208644,0.026228688,-0.134291439,-0.03141103,-0.032928134,0.049532606,-0.049895784,-0.107464668,0.075612287,-0.083921467,0.129753961,0.039034053,-0.016946555,0.05516212,0.072163043,-0.07726392,-0.077641119,-0.054176299,0.037827097,0.007061147,0.055722814,0.007796828,0.029126028,-0.006975795,-0.03192467,0.07878475,0.085589312,-0.013130913,0.108740799,-0.041039087,0.097907007
7/12/2015 11:00,0.113941139,0.039408122,0.043904788,-0.142418066,0.050997489,-0.068225752,0.032215079,-0.012197902,-0.009006705,0.255763254,0.062861981,-0.138402193,0.014239667,-0.075791891,0.073220183,-0.056069527,-0.071486285,0.137646415,-0.118385627,0.083865025,0.066895675,-0.036737667,0.024101866,0.101149418,-0.060733784,-0.106407073,-0.041018592,0.070106121,0.017163637,-0.019174484,0.009151558,0.071587292,0.001998632,-0.030289861,0.105252874,0.082876368,-0.028534353,0.168167796,-0.02109636,0.061111067
7/12/2015 12:00,0.121565058,0.069116782,0.054920889,-0.185076907,0.035008444,-0.067133927,0.076762917,0.006520518,0.016333943,0.229972563,0.096348926,-0.117222754,0.067860107,-0.116151545,0.099897401,-0.04259351,-0.045727965,0.185763957,-0.131598898,0.014044915,0.093826279,-0.066107064,-0.001845121,0.117648858,-0.021438468,-0.132415125,-0.03108642,0.099679094,0.013909392,-0.049228786,0.011019841,0.114521265,0.004420845,-0.022772187,0.120988002,0.058304318,-0.044897554,0.205338167,-0.022412708,0.008154893
7/12/2015 13:00,0.129121682,0.129604932,0.070551824,-0.189748437,0.000793383,-0.043634873,0.078351471,-0.021506981,0.070167249,0.157672998,0.127291511,-0.085065193,0.105559825,-0.162151693,0.143092777,0.003602181,-0.05530333,0.192116005,-0.124358757,-0.057074648,0.120017012,-0.088782809,-0.024360627,0.126461037,0.028769164,-0.162672269,-0.037186836,0.105626192,0.046295728,-0.041993192,0.013063717,0.153772442,0.01056591,-0.010412053,0.142893217,0.025751341,-0.055929336,0.208618734,-0.054539329,-0.027225144
7/12/2015 14:00,0.126861315,0.146180748,0.047832768,-0.18000163,-0.012932074,-0.046056367,0.073426359,-0.103577755,0.147686364,0.082575862,0.148910338,-0.044728329,0.145312894,-0.185591373,0.180965065,0.058327578,-0.066751549,0.166426637,-0.083113817,-0.111094735,0.138829,-0.11708822,-0.042039594,0.126242511,0.082601805,-0.179609146,-0.054483267,0.112295941,0.05746653,-0.002265787,0.014752707,0.184987643,0.009471659,0.013250643,0.150926115,-0.009857498,-0.076423815,0.193086028,-0.097455904,-0.070123905
7/12/2015 15:00,0.113615656,0.142221583,0.032523907,-0.158077471,-0.027838351,-0.109734651,0.067662202,-0.112515171,0.14852412,0.064289532,0.164459296,0.00254782,0.173093193,-0.178193689,0.205914095,0.096764517,-0.078501733,0.137065037,-0.015455785,-0.133239263,0.154409864,-0.144097515,-0.050920545,0.10658976,0.126307973,-0.185997823,-0.062191172,0.102770507,0.080880274,0.0188527,0.01669226,0.209326892,0.006292055,0.038464877,0.143058162,-0.046907228,-0.076305183,0.163125137,-0.128326475,-0.096151322
7/12/2015 16:00,0.097211834,0.13565509,0.020405827,-0.117251718,-0.018109242,-0.139514918,0.041713554,-0.113649075,0.134197028,0.050637113,0.162720896,0.036920637,0.191943186,-0.167805906,0.206907826,0.107079313,-0.110306962,0.091540259,0.046544172,-0.105619295,0.155282771,-0.16224285,-0.047448349,0.091329956,0.162458038,-0.17690434,-0.078553414,0.099736634,0.093451515,0.054310699,0.017255733,0.214451289,-0.002105186,0.060300122,0.134448341,-0.079818087,-0.088442202,0.12967492,-0.155537637,-0.109021812
7/12/2015 17:00,0.068661881,0.159394152,-0.000389202,-0.097949246,0.00755105,-0.140042973,0.020641663,-0.100964855,0.056674762,0.072134256,0.142496753,0.066989241,0.190303977,-0.148344728,0.190784453,0.085586827,-0.123805154,0.055414404,0.117651329,-0.048111091,0.142394945,-0.168608851,-0.02552384,0.063947855,0.186100293,-0.161634137,-0.077012942,0.085831838,0.102336526,0.049488773,0.017153049,0.198144151,-0.01469746,0.071549422,0.116800619,-0.115003899,-0.080253397,0.093634812,-0.163270029,-0.115489147
7/12/2015 18:00,0.045366476,0.153847198,-0.02650051,-0.071421322,0.028457032,-0.13682489,-0.005792385,-0.068758422,-0.024759498,0.067291031,0.113393876,0.074631456,0.156777441,-0.123197382,0.154069664,0.060335581,-0.106590831,0.032682695,0.161602647,0.017557525,0.123119388,-0.15822607,0.005481474,0.041087237,0.185131574,-0.139750861,-0.086680569,0.066442331,0.083716299,0.020181549,0.016881686,0.167452187,-0.023734637,0.071395688,0.099872437,-0.123976449,-0.071168593,0.054248647,-0.164941865,-0.099212889
7/12/2015 19:00,0.020632426,0.12120789,-0.034074809,-0.049323002,0.03625489,-0.112892222,0.008967206,-0.025517468,-0.095095864,0.051919226,0.075833913,0.071840667,0.125077335,-0.086741475,0.103816771,0.030894303,-0.062445274,0.024313096,0.164645743,0.074541161,0.099552042,-0.150747708,0.051301029,0.018312665,0.168474739,-0.113141269,-0.092993947,0.042092606,0.052321077,-0.034928045,0.017229107,0.127895732,-0.038675039,0.071108592,0.083296306,-0.122047161,-0.059957537,0.020200098,-0.143807697,-0.07969046
7/12/2015 20:00,0.009380882,0.092018803,-0.032960629,-0.041230918,0.007964989,-0.062972988,0.020519676,-0.000431896,-0.064074362,0.044335082,0.043003852,0.051299071,0.084908162,-0.057332626,0.06179957,0.024429035,-0.019405338,0.021124484,0.109032543,0.061718479,0.079288219,-0.138560267,0.092561585,0.008514741,0.138333858,-0.091192574,-0.103748472,0.023919913,0.036756465,-0.064870143,0.017851613,0.091037883,-0.05034466,0.063134805,0.072324266,-0.100051261,-0.054193513,-0.005030252,-0.130388211,-0.040193555
7/12/2015 21:00,-0.001422465,0.047218221,-0.019087238,-0.024355201,0.002351273,-0.036819248,0.006447318,0.004479908,-0.038628583,0.015713719,0.021623233,0.035600075,0.046199919,-0.030165965,0.032197221,0.014517226,-0.004766953,0.012810585,0.055333426,0.027119344,0.066889658,-0.125978989,0.122233926,-0.002330948,0.112570084,-0.077954799,-0.105113129,0.014920075,0.034680976,-0.052683782,0.018585583,0.065815744,-0.056664891,0.051749091,0.059587941,-0.081682093,-0.042504211,-0.024871461,-0.130667988,-0.005134943
7/12/2015 22:00,-0.003361991,0.023787245,-0.003774027,-0.012308729,0.001805236,-0.014583044,0.002535762,0.002487017,-0.024513482,-0.000853591,0.007851865,0.018181177,0.019542454,-0.011585043,0.010937038,0.003908168,-0.00568406,0.007880122,0.022864555,0.013845404,0.05977623,-0.117499637,0.145303093,-0.005653858,0.090626077,-0.069539136,-0.110099595,0.00879337,0.031700903,-0.039370805,0.019366955,0.049072356,-0.060871514,0.043556201,0.054930994,-0.0650804,-0.03757156,-0.034643447,-0.129642595,0.023287146
7/12/2015 23:00,0,6.02E-36,7.89E-31,6.20E-25,2.58E-25,-3.31E-24,3.31E-24,5.29E-23,2.65E-23,5.29E-23,0,0,0,1.23E-32,-1.51E-28,0,1.55E-25,8.27E-25,-4.24E-22,-3.39E-21,0.056158993,-0.112630763,0.159381874,-0.004005884,0.072068074,-0.068135884,-0.116357484,0.006498823,0.034816879,-0.034665065,0.019997426,0.039527776,-0.063943932,0.038103426,0.055413229,-0.04787568,-0.03475097,-0.038002559,-0.131462223,0.04633163
7/13/2015 0:00,0,9.40E-38,-2.47E-32,1.29E-26,0,4.14E-25,-1.65E-24,1.99E-23,2.65E-23,3.31E-24,0,0,0,-1.16E-33,-2.52E-29,1.21E-27,-1.62E-26,-1.03E-25,2.65E-23,-8.47E-22,0,0,0,0,-9.03E-36,6.93E-33,1.23E-32,-7.89E-31,1.01E-28,-3.97E-23,0.020664514,0.030548802,-0.067137731,0.036747642,0.055304522,-0.030097215,-0.035831932,-0.03564633,-0.127225505,0.060682486
7/13/2015 1:00,0.003446203,-0.021843782,0.011506609,0.019701548,-0.001263907,0.002360591,0.00916245,0.00123781,0.016217567,-0.018739336,-0.004793529,-0.013158244,-0.009149734,0.00460935,-0.006261702,0.008694758,-0.008496348,-0.00782983,-0.017739787,-0.015585602,-0.002232025,0.000843669,0.010537414,0.00264473,-0.013928065,0.003662985,-0.004421318,-0.007256031,0.00588131,0.013681585,0.021201462,0.024328069,-0.070247839,0.034824286,0.056686584,-0.0170523,-0.035547335,-0.043236802,-0.126467192,0.077121573
7/13/2015 2:00,0.006748858,-0.04066265,0.025802236,0.040808803,0.006038988,0.000442435,0.009859685,-0.015667409,0.02620308,-0.015828753,-0.008448749,-0.026292227,-0.019694231,0.012155713,-0.010313267,0.008200999,-0.023475129,-0.013475517,-0.036539273,-0.017418853,-0.003268737,0.003416522,0.022177382,0.002002563,-0.030010003,0.004910088,-0.007991074,-0.008201292,0.008986469,0.02922978,0.021882219,0.018553135,-0.071682238,0.032126453,0.057029795,-0.002598289,-0.032718271,-0.045496726,-0.129449876,0.088387347
7/13/2015 3:00,0.010747974,-0.056180402,0.046958017,0.040470888,0.019601324,-0.014566872,0.001869554,-0.015655841,0.038107059,-0.047625965,-0.011994325,-0.040657376,-0.025010439,0.016019408,-0.013196451,0.009629197,-0.048546444,-0.020151881,-0.062868789,-0.018866575,-0.004359757,0.002656411,0.034564615,0.005620172,-0.044399999,0.005868641,-0.009481332,-0.011332254,0.008940762,0.063889093,0.022548937,0.014014214,-0.075889133,0.0277625,0.058746862,0.009042475,-0.031666051,-0.046811367,-0.130620884,0.10607355
7/13/2015 4:00,0.016771192,-0.072441078,0.079236457,0.068996623,0.020396495,-0.022933289,-0.006859817,-0.029912378,0.046281356,-0.057011182,-0.014299854,-0.052755657,-0.031252913,0.01863891,-0.018770013,0.013149121,-0.077481781,-0.030461178,-0.074404013,-0.026739948,-0.004701553,0.003872625,0.044708388,0.008336206,-0.055821441,0.006520323,-0.013748038,-0.013679558,0.017306968,0.090692433,0.023120845,0.010302333,-0.07777827,0.025095015,0.062573114,0.017774092,-0.032391428,-0.049595053,-0.132988487,0.123459213
7/13/2015 5:00,0.029671515,-0.083437218,0.104104572,0.090881509,0.03324663,-0.042965418,-0.020500484,-0.046165805,0.043058898,-0.064887591,-0.014272238,-0.067207439,-0.037914903,0.017865917,-0.022647776,0.012702289,-0.107362831,-0.038089924,-0.086100104,-0.019421145,-0.00392963,0.005684318,0.051931279,0.013959593,-0.068302338,0.007361927,-0.014010778,-0.01388016,0.020747238,0.122106431,0.023541894,0.008780826,-0.078838753,0.018887061,0.064687855,0.027914427,-0.032427154,-0.047518455,-0.133291351,0.140650669
7/13/2015 6:00,0.045220897,-0.094258874,0.129650985,0.099671189,0.045700631,-0.059990599,-0.01978653,-0.074619506,0.042432736,-0.068499965,-0.015852547,-0.082083943,-0.039126056,0.015173737,-0.022452332,0.012887539,-0.127915324,-0.045486926,-0.092578114,-0.002685702,-0.003894441,0.004540654,0.062151322,0.020205066,-0.079903835,0.003704639,-0.015499769,-0.014631951,0.018230125,0.141701174,0.024101401,0.006457921,-0.08221866,0.014742023,0.070519124,0.036845948,-0.033025574,-0.042491955,-0.132286232,0.149652391
7/13/2015 7:00,0.060087397,-0.106371205,0.17494937,0.12416688,0.065306218,-0.095763833,-0.034953133,-0.104674774,0.011850353,-0.03725223,-0.016373543,-0.097190903,-0.043035654,0.011977148,-0.035752344,0.016742263,-0.150437229,-0.076422461,-0.094013915,0.015366009,-0.002623095,0.004775473,0.073788935,0.031925732,-0.090650453,0.01075014,-0.013122677,-0.03118462,0.023311518,0.170359752,0.024835096,0.004954232,-0.085069204,0.007743898,0.076634437,0.04581889,-0.034895303,-0.056114537,-0.118994723,0.172114103
7/13/2015 8:00,0.076292149,-0.112779489,0.16707323,0.122871823,0.091007039,-0.093988555,-0.009498871,-0.110148533,-0.031752019,-0.002002866,-0.012567849,-0.11249649,-0.035596963,0.007304599,-0.038225485,-0.001430091,-0.143193423,-0.08971069,-0.081282578,0.059563298,0.000146337,0.00058684,0.075495209,0.042533709,-0.101449879,0.006077661,0.000763472,-0.034197229,0.014376762,0.157414824,0.025078037,0.009336807,-0.087984163,0.002230095,0.083183018,0.054350169,-0.029268935,-0.04655738,-0.097125443,0.169103148
7/13/2015 9:00,0.091892778,-0.10164124,0.175616353,0.138863596,0.107608298,-0.070453347,0.006306711,-0.088967564,-0.085957779,0.01476983,0.001961863,-0.122942822,-0.004323469,-0.00080333,-0.058784953,-0.013516084,-0.137698694,-0.097287467,-0.079319313,0.107686644,0.012559329,-0.015089182,0.074677168,0.061151103,-0.104836193,0.008738318,0.017625782,-0.03008616,0.003873772,0.139176549,0.02631998,0.026969044,-0.090949435,-0.000502097,0.091700332,0.058530536,-0.040196655,-0.0322086,-0.059252369,0.156046662
7/13/2015 10:00,0.107015168,-0.085600945,0.152667053,0.096304129,0.144587556,-0.056123396,0.051046164,-0.120485619,-0.126698857,0.040640133,0.022666763,-0.125383414,0.044419982,-0.006810621,-0.056609948,-0.039064959,-0.089569718,-0.11039621,-0.093520678,0.135663839,0.02809652,-0.040087456,0.059186041,0.076594026,-0.104157379,0.003016546,0.053149771,-0.035131689,-0.010460253,0.087079375,0.027247897,0.053335984,-0.093336355,0.007372802,0.101511654,0.061086322,-0.036615311,-0.01440244,-0.001322663,0.106224336
7/13/2015 11:00,0.119902359,-0.084403592,0.144978571,0.079710107,0.157918767,-0.02321788,0.104946101,-0.122657234,-0.144300713,0.047708653,0.048230298,-0.124065379,0.106069425,0.000797135,-0.053528908,-0.065467893,-0.029653806,-0.12785915,-0.11566641,0.142865285,0.046922426,-0.072540962,0.037869931,0.089501981,-0.103908787,-0.005816329,0.1023054,-0.038610686,-0.027394715,0.034959238,0.028297804,0.086829492,-0.098160641,0.016586489,0.106001437,0.062871336,-0.027933644,0.005902612,0.065036408,0.046049599
7/13/2015 12:00,0.128027486,-0.063060233,0.144095984,0.057059744,0.128776735,0.025708085,0.155384744,-0.151836018,-0.0892778,0.006423659,0.079483625,-0.111208735,0.160427486,0.020597239,-0.060451387,-0.069552029,0.037185895,-0.14293015,-0.166157216,0.113027691,0.070966133,-0.107570251,0.010809187,0.09910044,-0.09822629,0.002393422,0.143742678,-0.051689462,-0.048956245,0.012341191,0.030032354,0.126386984,-0.100808619,0.02836113,0.097468059,0.064556074,-0.02237318,0.004417067,0.129409541,0.013377097
7/13/2015 13:00,0.138812403,-0.034621141,0.125456902,0.053067976,0.103605405,0.084601553,0.189148793,-0.187599264,-0.04392241,-0.084710387,0.108157064,-0.093230978,0.212478699,0.04662997,-0.052090849,-0.051594479,0.089999463,-0.155082908,-0.188361218,0.061397486,0.092872765,-0.144956797,-0.016356709,0.101872868,-0.088338205,0.004384453,0.174395591,-0.061721269,-0.050431012,0.000289162,0.031676703,0.164280353,-0.106479971,0.045653331,0.086894648,0.060581941,-0.015618985,0.00160404,0.170166681,-0.009571075
7/13/2015 14:00,0.127325132,0.009360263,0.101884483,0.037220905,0.083020925,0.086634338,0.142942549,-0.203587991,0.028595856,-0.158664669,0.123857876,-0.051852207,0.247455432,0.071459067,-0.038931402,-0.039250601,0.101250642,-0.175929763,-0.19761737,-0.017883127,0.106863254,-0.17525422,-0.027977996,0.079863963,-0.065240812,0.013942364,0.206908389,-0.081527773,-0.041440008,0.035077937,0.033413984,0.187224414,-0.111865217,0.06422553,0.062109476,0.034909009,0.00462592,-0.023532758,0.192856624,-0.04607385
7/13/2015 15:00,0.114898917,0.055988228,0.103161236,0.042363575,0.044828388,0.044906264,0.093685936,-0.194358301,0.033333114,-0.175271658,0.134423507,-0.005811742,0.265591874,0.071749148,-0.023101342,-0.030615742,0.073600853,-0.20351481,-0.168185615,-0.037879894,0.118499102,-0.192003589,-0.027464321,0.054525006,-0.033418876,0.022944953,0.228894783,-0.110509463,-0.030468577,0.07051777,0.035146618,0.20134923,-0.110052059,0.079463175,0.04480768,-0.00175477,0.018795404,-0.056651985,0.200567087,-0.086972455
7/13/2015 16:00,0.096111589,0.100033577,0.10447077,0.083704825,0.04093589,-0.009225098,0.041736078,-0.162958869,-0.008197613,-0.191936414,0.134145419,0.031948594,0.261166332,0.060690478,-0.023284978,-0.025876432,0.02942149,-0.219230103,-0.094756799,-0.00900445,0.121505484,-0.19717512,-0.016556224,0.032510517,-0.0007729,0.033413251,0.226954507,-0.121766387,-0.030928572,0.109750313,0.036288122,0.202701937,-0.110729178,0.084402384,0.028658403,-0.038495733,0.022558096,-0.087509097,0.178167863,-0.097885836
7/13/2015 17:00,0.073683023,0.114812522,0.098038895,0.107346024,0.061636276,-0.033071009,0.006623565,-0.115776499,-0.072769949,-0.151333071,0.119268859,0.061190644,0.23841983,0.045133318,-0.018852151,-0.025406057,0.000417988,-0.19707245,-0.020831069,0.037081464,0.113565927,-0.189543633,0.006844374,0.00506245,0.024434028,0.034106236,0.216624106,-0.129521474,-0.023246344,0.091118051,0.036769407,0.186570281,-0.111841099,0.085097887,0.018994215,-0.073596382,0.033425984,-0.105532324,0.147720214,-0.102298412
7/13/2015 18:00,0.045909685,0.10265539,0.049046205,0.11073658,0.060783257,-0.039134816,-0.007838499,-0.067390633,-0.122870613,-0.087825583,0.092445783,0.070547798,0.193052733,0.037182438,-0.01230403,-0.01177084,0.001894314,-0.164197114,0.030120547,0.094064397,0.097049887,-0.172348597,0.039560612,-0.019337171,0.027981718,0.041213018,0.181784259,-0.145220608,-0.032063833,0.040696528,0.037049401,0.15416865,-0.112476265,0.088765555,0.011772101,-0.08476397,0.037715561,-0.120560035,0.118775831,-0.084928354
7/13/2015 19:00,0.023134748,0.092703574,0.03026517,0.091929943,0.064747546,-0.018575604,0.001036082,-0.03661808,-0.143802043,-0.052713125,0.061220187,0.066616455,0.148923832,0.028094733,-0.002589769,-0.013354926,0.01196614,-0.11241277,0.065428174,0.104211466,0.077922624,-0.156484388,0.081297495,-0.036723394,0.02182904,0.040662431,0.149568217,-0.149662309,-0.040974632,-0.01259875,0.037613279,0.118088789,-0.119395055,0.084854272,0.009047223,-0.085937544,0.046724262,-0.123106697,0.087416624,-0.058998394
7/13/2015 20:00,0.005617862,0.060730526,0.017424048,0.077023451,0.054789388,-0.007767754,0.009321821,-0.023925005,-0.11364159,-0.01677696,0.034131117,0.053792882,0.095071395,0.018848589,0.00264755,-0.00985038,0.014048827,-0.070495447,0.046911422,0.079261949,0.061432101,-0.132408459,0.118474842,-0.051650977,0.00437482,0.039909807,0.126315323,-0.150246419,-0.039025217,-0.038173614,0.038200208,0.082975658,-0.119702049,0.073059939,0.005583973,-0.075114613,0.05685569,-0.121923761,0.057416428,-0.035412965
7/13/2015 21:00,0.001518183,0.043602005,0.017972971,0.044525913,0.028613255,0.002579591,-0.001551726,-0.004785063,-0.075900225,-0.023215201,0.018805969,0.033979063,0.051089182,0.007921598,-0.000969108,-0.011459693,0.005238663,-0.044441065,0.029464865,0.051642058,0.053873071,-0.111826518,0.148844725,-0.055716052,-0.016927497,0.038793402,0.110002421,-0.145311905,-0.037311988,-0.04062383,0.039300475,0.060042198,-0.117492711,0.057495953,0.005981098,-0.059459762,0.062549968,-0.113606676,0.039794741,-0.005486142
7/13/2015 22:00,-0.002029965,0.022277136,0.008358979,0.020406708,0.014868136,0.001397328,-0.007922243,0.003449881,-0.039498384,0.005776784,0.007485546,0.017910997,0.023796589,0.000754006,-0.001315138,-0.009936069,0.00129258,-0.018923238,0.009080331,0.026899527,0.047948238,-0.099627173,0.169558911,-0.057977971,-0.034143427,0.038014238,0.0999232,-0.140110737,-0.035236455,-0.045743649,0.04004739,0.043693365,-0.117049698,0.048281795,0.006309982,-0.044793306,0.066385635,-0.10578027,0.029847373,0.006148759
7/13/2015 23:00,0,0,0,0,0,0,0,0,0,0,0,0,0,0,0,0,0,0,0,0,0.044780601,-0.090890051,0.185951066,-0.058396135,-0.054236973,0.037717003,0.087311202,-0.13818957,-0.032612977,-0.049467078,0.040930784,0.031618243,-0.11653012,0.042380711,0.006357079,-0.026593689,0.067810152,-0.098804919,0.022638697,0.019677547
7/14/2015 0:00,0,0,0,0,0,0,0,0,0,0,0,0,0,0,0,0,0,0,0,0,0,0,0,0,0,0,0,0,0,0,0.041689948,0.020641329,-0.118351322,0.041296766,0.008621015,-0.011230671,0.073899438,-0.09003911,0.025127884,0.023866478
7/14/2015 1:00,0.00578766,-0.013977687,-0.000914479,-0.015500525,-0.000725018,-0.002295248,-0.021653792,0.008331291,0.019382073,-0.014205981,-0.004232114,-0.013293601,-0.004355678,0.003965602,0.005761379,0.004577031,-0.018761123,-0.00062062,0.013698694,-0.016248209,-0.001477816,0.006029711,0.013377146,0.000279067,-0.010789193,-0.005841345,-0.007708132,0.009959669,0.009502652,0.016483941,0.04229609,0.013694568,-0.118561609,0.034902988,0.012765197,-0.00205252,0.075613641,-0.084563109,0.00975058,0.027422274
7/14/2015 2:00,0.012119232,-0.024795598,0.003833223,-0.012116246,0.005046016,0.017441668,-0.075048169,0.005301932,0.06096484,-0.025704761,-0.007152211,-0.033484488,-0.007994423,0.009615175,0.006743551,0.010448331,-0.03749267,-0.007622565,0.008105439,-0.0365481,-0.002017327,0.012311696,0.026370084,0.006926582,-0.027607907,-0.007825209,-0.013118552,0.012754949,0.018823312,0.040492902,0.042952655,0.007613166,-0.118564274,0.026277221,0.018804007,0.013563136,0.075677614,-0.081455403,0.006273845,0.039103731
7/14/2015 3:00,0.016350296,-0.048179745,0.014013325,-0.011029041,0.001836837,0.026109559,-0.093846488,-0.011430163,0.082564605,-0.016657725,-0.010079462,-0.045456575,-0.009323308,0.01898724,0.018636373,0.01725199,-0.047060272,-0.01740066,0.002610561,-0.057264834,-0.001716068,0.015415436,0.04049289,0.006866518,-0.039764822,-0.012350564,-0.018437696,0.010847221,0.029248313,0.053173168,0.04391825,0.002269807,-0.118974323,0.023938373,0.02330111,0.022426367,0.080369771,-0.07829695,0.001809362,0.050740042
7/14/2015 4:00,0.025220808,-0.073218861,0.011510413,-0.012005391,0.01153505,-0.003853891,-0.118838951,-0.015347555,0.109527867,-0.021979531,-0.011556116,-0.056069753,-0.008551707,0.024921383,0.022586025,0.024649399,-0.058293111,-0.025142578,-0.002992264,-0.070019184,-0.001298963,0.018196215,0.050255832,0.00925158,-0.04829435,-0.014553592,-0.021421509,0.011026854,0.035314678,0.070551444,0.044546863,-0.000994524,-0.119220066,0.019252925,0.026859949,0.029652101,0.081277571,-0.077373606,-0.002833289,0.05828777
7/14/2015 5:00,0.032424231,-0.089653124,0.025380214,-0.00690618,0.020461898,0.025300727,-0.131736445,0.007119298,0.129856824,-0.022795836,-0.013420736,-0.066270915,-0.008058464,0.037029113,0.028854674,0.029877372,-0.066403396,-0.028160929,-0.004616573,-0.08918461,-0.001160144,0.020001792,0.059938531,0.008990128,-0.059069714,-0.014988866,-0.023597174,0.014404116,0.046886024,0.081275857,0.045208406,-0.004605099,-0.120148155,0.01620941,0.025722661,0.037951438,0.083649203,-0.072298167,-0.006765556,0.069423917
7/14/2015 6:00,0.042377673,-0.097337343,0.038452316,-0.020636248,0.033454138,0.016726041,-0.148022002,0.006900383,0.128792658,-0.02966101,-0.015507844,-0.079434779,-0.006448345,0.040961253,0.031710155,0.032034047,-0.081696181,-0.037410306,-0.011167099,-0.098679753,-0.00111537,0.023371924,0.071925509,0.013237339,-0.069044459,-0.015966756,-0.024657017,0.015783389,0.055585354,0.099370845,0.04584623,-0.008846021,-0.120688343,0.010735347,0.030012592,0.043939565,0.08408467,-0.066069561,-0.005402631,0.083123935
7/14/2015 7:00,0.062118976,-0.10730136,0.068779879,-0.007907947,0.034961872,0.023165522,-0.172718286,0.047531766,0.101971821,-0.015725689,-0.016111081,-0.091750546,-0.005990578,0.046252538,0.032797112,0.034420766,-0.105202352,-0.045745135,0.012104951,-0.096729827,-6.00E-05,0.02631129,0.083031119,0.017472077,-0.077085906,-0.018530015,-0.029431104,0.021871004,0.060946735,0.121302969,0.046509674,-0.011182783,-0.12170794,0.003721856,0.032938797,0.047984813,0.082682377,-0.058376443,-0.011836018,0.101744719
7/14/2015 8:00,0.078368345,-0.089949464,0.065643273,-0.007013174,0.07125844,0.035319305,-0.186160747,0.050770331,0.044635593,0.039080765,-0.012872943,-0.10639731,-0.005210618,0.053102093,0.034611705,0.019391591,-0.119252231,-0.061711663,0.02785699,-0.054168056,0.00276437,0.032068593,0.087016078,0.024482895,-0.086775488,-0.020842605,-0.030697545,0.027896943,0.061651235,0.126076174,0.046731794,-0.009926596,-0.118917081,-0.002889382,0.037629541,0.056927826,0.081543129,-0.048885311,-0.011800258,0.119645595
7/14/2015 9:00,0.096128988,-0.110302974,0.058237985,0.00751155,0.090381614,0.042227026,-0.164194041,0.079641731,0.023373192,0.076468126,-0.000764085,-0.120451732,-0.004745195,0.06827583,0.038401013,-0.013218435,-0.106302241,-0.046021625,0.034560713,-0.02733573,0.013005271,0.03749802,0.086470025,0.02612773,-0.104783063,-0.023112368,-0.015651393,0.049459488,0.055589262,0.101538745,0.047709088,-0.001355503,-0.111019989,-0.013555334,0.029802967,0.071749054,0.088218723,-0.014203971,-0.000295325,0.123886744
7/14/2015 10:00,0.114062494,-0.112765198,0.057803957,-0.012561015,0.108829464,0.069745902,-0.117137696,0.08501662,-0.012414367,0.104721144,0.019772773,-0.129543007,0.003216585,0.073774007,0.020923762,-0.066612432,-0.070454063,-0.031668134,0.033945867,-0.018069716,0.030093184,0.040653785,0.081903127,0.033343051,-0.115622284,-0.023807681,0.017650176,0.07440515,0.035059138,0.063780224,0.049181895,0.016995776,-0.10135939,-0.032503837,0.022527014,0.080150868,0.09521096,0.019858058,0.030008878,0.120306606
7/14/2015 11:00,0.135757111,-0.1211499,0.051496807,-0.02118952,0.128597769,0.146416138,-0.06574428,0.087394081,-0.011291144,0.140029028,0.051608715,-0.1347311,0.007068925,0.077312348,0.005852555,-0.138882179,-0.009017466,-0.003390108,0.026905402,-0.029344951,0.054242854,0.047052928,0.061278889,0.040961381,-0.124769662,-0.019479362,0.060056903,0.109656882,0.021116518,-0.002584899,0.050471276,0.045652126,-0.083090841,-0.051895053,0.007148873,0.091483111,0.104781991,0.065628695,0.067821125,0.117232686
7/14/2015 12:00,0.150590834,-0.091162933,0.018705024,-0.052461093,0.116782243,0.205194323,-0.009064484,0.063820515,0.024868879,0.098520316,0.084239694,-0.121023039,-0.001623883,0.087703774,-0.004362028,-0.190300342,0.063634146,0.032726716,0.009097239,-0.087951288,0.079450108,0.057284687,0.034927322,0.02917063,-0.126101812,-0.020170247,0.103838869,0.13214479,0.00970474,-0.067587966,0.051907329,0.074086502,-0.059173356,-0.066962992,-0.014103424,0.092356904,0.130634939,0.094740292,0.094881054,0.102635535
7/14/2015 13:00,0.15448226,-0.028226842,0.020344269,-0.041328847,0.097038514,0.304622391,-0.040022777,0.023871186,0.132316116,0.029185867,0.111952817,-0.09481103,-0.023579994,0.082608533,-0.015094247,-0.223985284,0.081368458,0.018492972,-0.000319356,-0.182197735,0.104042248,0.074528283,0.02449047,0.015254493,-0.110561174,-0.009679348,0.131215361,0.139937083,0.043801718,-0.078436562,0.054144244,0.09610769,-0.033497914,-0.080932926,-0.032839639,0.076842379,0.14848557,0.091967942,0.101970518,0.119522908
7/14/2015 14:00,0.140183406,0.004231606,0.025983869,-0.028844814,0.100543713,0.282608346,-0.127546469,0.043292088,0.181088945,0.008543129,0.134207971,-0.039745567,-0.053297466,0.045099117,-0.021346395,-0.281154988,0.019002454,-0.004715988,0.036432182,-0.265815577,0.123975934,0.101970784,0.021705183,-0.016901458,-0.063558898,-0.007513401,0.181252295,0.16694323,0.072884444,-0.001652432,0.055744641,0.11202767,-0.005477587,-0.111336447,-0.063955235,0.021597319,0.174178464,0.084674285,0.068159453,0.089778873
7/14/2015 15:00,0.127140067,0.057050574,0.029679212,0.002990251,0.094388538,0.209542998,-0.15257771,0.060908523,0.158345536,-0.010508562,0.144520767,0.01103598,-0.068395307,0.016643624,-0.037776853,-0.306517267,-0.03437101,-0.03587885,0.07190617,-0.294920135,0.135220524,0.118287154,0.027464204,-0.041994944,-0.014245325,-9.26E-05,0.204496666,0.177182842,0.098082189,0.052658127,0.057075613,0.119838176,0.010266597,-0.12806373,-0.082931311,-0.031692312,0.183693346,0.058322236,0.036374461,0.076623482
7/14/2015 16:00,0.108106887,0.111038793,0.03405045,0.038103723,0.09460252,0.124754686,-0.166879499,0.070375085,0.0929444,0.007082509,0.134321341,0.053926814,-0.056392382,-0.001157705,-0.02859226,-0.301373096,-0.080629795,-0.070874593,0.10210851,-0.216482393,0.130279224,0.121185842,0.045974111,-0.065911434,0.031012585,0.001088984,0.210523824,0.164342922,0.106805873,0.074730286,0.057340453,0.11029026,0.011137651,-0.123267316,-0.087691421,-0.085176027,0.18145645,0.034284958,0.015525006,0.028488561
7/14/2015 17:00,0.090522417,0.126105176,0.037828443,0.050894081,0.096961021,0.081637224,-0.16567882,0.065018028,0.020543731,0.019206244,0.116064825,0.070447332,-0.051547011,-0.025257489,-0.023814557,-0.266510503,-0.103060736,-0.074904999,0.114833295,-0.134994593,0.120551166,0.126828406,0.077460554,-0.077384095,0.05641309,-0.003884182,0.192534896,0.15931931,0.111295614,0.052986497,0.057987871,0.090688223,0.008052238,-0.122237904,-0.078534775,-0.114381783,0.164824815,0.022639919,-0.013512699,-0.012624208
7/14/2015 18:00,0.067082331,0.127420722,0.021776425,0.05987621,0.100920423,0.032216734,-0.11861228,0.078291967,-0.056589078,0.019778761,0.089674638,0.07171744,-0.029095621,-0.035669949,-0.028205608,-0.208119955,-0.084451946,-0.055177492,0.117913184,-0.031761072,0.103037419,0.118249979,0.107591724,-0.076001094,0.070125012,-0.001088394,0.165457743,0.144802949,0.093382334,0.000418053,0.057982924,0.066822222,-0.008172858,-0.113564204,-0.066299112,-0.127628714,0.138921444,0.010939508,-0.017911385,-0.047755414
7/14/2015 19:00,0.038146308,0.109624769,0.01578095,0.070018799,0.096578198,0.048017877,-0.087095331,0.076739597,-0.083416927,0.063512468,0.057045303,0.062929806,-0.011396246,-0.036670674,-0.022133326,-0.160344727,-0.045315584,-0.026172028,0.093155422,0.031222129,0.081563348,0.109867207,0.145175697,-0.074721914,0.071197348,-0.002256572,0.134846095,0.131007847,0.0668673,-0.058396334,0.058143491,0.036315923,-0.028296876,-0.104831073,-0.052503632,-0.128308156,0.119628788,0.003910463,-0.022400881,-0.070934079
7/14/2015 20:00,0.020655006,0.071001554,0.012741356,0.05770484,0.063354141,0.024222111,-0.036123582,0.061763602,-0.061690447,0.062227059,0.03230159,0.042624966,-0.004043322,-0.021197024,-0.015676481,-0.101564018,-0.015176232,-0.002210914,0.060590941,0.039863758,0.065701205,0.10314772,0.174526507,-0.073007983,0.053291675,-0.002357822,0.105023095,0.119220405,0.053831615,-0.088743977,0.05867013,0.011535265,-0.044218937,-0.097709573,-0.044691082,-0.110932265,0.107067459,0.002300029,-0.027507619,-0.071252684
7/14/2015 21:00,0.011113277,0.046358884,0.014457864,0.041196971,0.03559649,0.032786485,-0.022205538,0.044293951,-0.031714887,0.071598835,0.016067586,0.027689576,-0.002895981,-0.018683208,-0.011772893,-0.059418044,7.25E-05,0.002897478,0.020351538,0.029161891,0.056071263,0.1037974,0.196558596,-0.068796797,0.043259728,-0.00286228,0.082808428,0.10744159,0.048136538,-0.096254859,0.059222342,-0.005995547,-0.051419798,-0.09585584,-0.033234287,-0.098476544,0.096457248,-0.006664104,-0.03304933,-0.069624304
7/14/2015 22:00,0.003457095,0.033130699,0.001244888,0.009535083,0.021745263,0.003825573,-0.019647766,0.010106231,-0.026884943,0.028096426,0.006698848,0.017944224,-0.001841815,-0.012888637,-0.007855759,-0.027509673,-0.000648495,0.004545912,0.007484122,0.017478416,0.051082482,0.104814511,0.212008853,-0.06810505,0.035857089,-0.002603832,0.068534546,0.101751673,0.055034222,-0.090892914,0.059816624,-0.016930885,-0.055255225,-0.095160175,-0.028327898,-0.091886254,0.090770793,-0.010607824,-0.040463859,-0.068080525
7/14/2015 23:00,0,0,0,0,0,0,0,0,0,0,0,0,0,0,0,0,0,0,0,0,0.047752678,0.104246901,0.224934356,-0.063360019,0.019755525,-0.003624487,0.054606589,0.098002367,0.059746333,-0.079714269,0.060475325,-0.025163816,-0.05993265,-0.095131044,-0.02340491,-0.076076228,0.087136107,-0.010201319,-0.04512777,-0.056997394
7/15/2015 0:00,0,0,0,0,0,0,0,0,0,0,0,0,0,0,0,0,0,0,0,0,0,0,0,0,0,0,0,0,0,0,0.061182454,-0.030915286,-0.063491275,-0.093608941,-0.016756539,-0.060885976,0.086109281,-0.013987949,-0.048496246,-0.05794811
7/15/2015 1:00,0.001559965,-0.027985616,-0.003680753,-0.025692334,-0.000682024,-0.019518561,-0.01408357,-0.005034015,0.007760695,-0.02801661,-0.003569277,-0.014137228,-0.00461125,0.005826276,0.006419076,0.010820744,-0.010010309,-0.00238025,-0.004501982,-0.011644629,-0.000982567,0.000483817,0.00876902,0.003704631,-0.012500069,-0.000742496,-0.012769141,-0.003976475,0.000788384,0.013411602,0.061734281,-0.035698164,-0.065137353,-0.09309773,-0.011087056,-0.049049538,0.083606625,-0.014174874,-0.051646726,-0.04662136
7/15/2015 2:00,0.008484816,-0.036730257,-0.01359632,-0.018739512,0.014003637,-0.039136092,-0.02767256,-0.012869324,0.026397508,-0.041916564,-0.007373229,-0.027323198,-0.0042426,0.009500138,0.016588724,0.018388046,-0.022641671,-0.00511747,-0.003263642,-0.011169163,-0.001765901,-0.001786239,0.019652044,0.007963706,-0.023170989,-0.003097631,-0.024824751,-0.008698371,0.001269845,0.025624504,0.062403132,-0.039794558,-0.068406123,-0.092093145,-0.003662494,-0.038191634,0.081265064,-0.015104123,-0.055934468,-0.044514684
7/15/2015 3:00,0.010608727,-0.046367718,-0.007846403,-0.031676433,0.010475392,-0.041396834,-0.035956087,-0.020273914,0.034819277,-0.093639772,-0.010677697,-0.037976122,-0.000898231,0.009214304,0.023821808,0.02760724,-0.030447781,-0.008150277,-0.009822923,-0.033498653,-0.002656739,-0.004685546,0.027478818,0.012873171,-0.03021464,-0.004343918,-0.034692321,-0.01292154,0.000554814,0.03651212,0.062911112,-0.043230738,-0.071028802,-0.089301358,0.00447436,-0.031883248,0.076430477,-0.01373808,-0.053813212,-0.042053773
7/15/2015 4:00,0.016916704,-0.072883589,-0.006598014,-0.055294417,0.030480905,-0.062837251,-0.058631601,-0.00151218,0.040382701,-0.119902516,-0.013086209,-0.054511845,-0.004319037,0.016901623,0.030283726,0.023570324,-0.040694043,-0.00272881,-0.021726139,-0.033956041,-0.003032989,-0.003536607,0.034836189,0.015921919,-0.04688894,-0.006769411,-0.04160419,-0.017726411,0.003515935,0.041081943,0.063352472,-0.04709629,-0.071595109,-0.089578926,0.011471073,-0.018649609,0.080443144,-0.007543438,-0.048529821,-0.031363901
7/15/2015 5:00,0.022481077,-0.08922156,-0.013063326,-0.069404093,0.039185604,-0.080421139,-0.079846525,0.01081709,0.031602152,-0.132199912,-0.015789427,-0.06770737,-0.000670883,0.016572154,0.034935097,0.021828291,-0.064244965,-0.005671675,-0.009616682,-0.028859945,-0.002561186,-0.005257035,0.049056216,0.022051755,-0.055716331,-0.006281949,-0.049825975,-0.011938825,0.002114561,0.058491224,0.064222759,-0.050644444,-0.074300902,-0.091470769,0.016283146,-0.011583268,0.070559152,0.001806371,-0.050665166,-0.034136096
7/15/2015 6:00,0.034345353,-0.092369722,-0.019324419,-0.082004211,0.026686123,-0.103166477,-0.086028281,0.01460772,0.011657506,-0.168417033,-0.016829268,-0.082488919,6.88E-05,0.018753236,0.039099387,0.023170569,-0.077503626,-0.009155409,-0.013972563,-0.037347082,-0.001298294,-0.00672259,0.058544962,0.029037497,-0.067700068,-0.006585116,-0.055851654,-0.015700823,-0.001327015,0.07679138,0.064980305,-0.052413886,-0.076074232,-0.093307763,0.022930519,-0.001444583,0.067308181,0.00533356,-0.045411553,-0.025862108
7/15/2015 7:00,0.054632316,-0.075778681,-0.037128493,-0.116099421,0.047128566,-0.119241964,-0.10737342,0.020363367,-0.008903715,-0.186800582,-0.018027657,-0.096125685,-6.62E-05,0.026856434,0.048641356,0.024116255,-0.093059061,-0.011675139,-4.23E-05,-0.023521305,-0.000372402,-0.008240083,0.066764592,0.032617343,-0.080126121,-0.007285817,-0.068339664,-0.01621947,-0.00746732,0.089175424,0.065611826,-0.054585571,-0.077192379,-0.090490109,0.027612018,0.008615764,0.062730471,0.013525143,-0.045872726,-0.018277344
7/15/2015 8:00,0.068493022,-0.070040789,-0.047566974,-0.112680641,0.075800095,-0.145216955,-0.108705502,0.055613534,-0.081997566,-0.161497019,-0.015020719,-0.10574354,-0.001859552,0.023814179,0.054105673,-0.002129447,-0.104134522,-0.001522096,0.037820872,0.038348772,0.002337434,-0.005301026,0.068734855,0.035350353,-0.086107097,-0.012737538,-0.068285479,-0.005229538,-0.021725206,0.080316163,0.065740263,-0.052433587,-0.074842469,-0.09643391,0.030440995,0.012159053,0.064265659,0.031528561,-0.04787469,-0.022896849
7/15/2015 9:00,0.084827643,-0.064656709,-0.050766458,-0.122219019,0.077146923,-0.131327411,-0.101228726,0.107112889,-0.111088377,-0.125448843,-0.000997264,-0.117570307,-0.007866164,0.017016499,0.03950813,-0.031373495,-0.098019307,0.012459499,0.061659721,0.060968831,0.014678714,0.000146753,0.067059479,0.047140411,-0.092822444,-0.008523382,-0.066252832,0.014897226,-0.036920759,0.063949661,0.066846388,-0.040644255,-0.066282278,-0.109016491,0.030067486,0.021053203,0.055277074,0.053435459,-0.038330257,-0.006219353
7/15/2015 10:00,0.107079654,-0.065237351,-0.043843567,-0.144963323,0.070698843,-0.105646873,-0.064124828,0.133688511,-0.165917957,-0.115955705,0.025239892,-0.126128475,-0.010948732,-0.003304531,0.014484388,-0.067250333,-0.056308738,0.058216577,0.070058695,0.088175739,0.036043696,0.005574131,0.054254479,0.065224494,-0.095111949,-0.000498866,-0.050622568,0.042887526,-0.064433337,0.008682703,0.068351558,-0.016725355,-0.051108106,-0.129518248,0.025802364,0.030998856,0.043955323,0.087143081,-0.013022852,-0.004585328
7/15/2015 11:00,0.133540097,-0.046681496,-0.066478044,-0.162115127,0.090486498,-0.026590276,0.00270069,0.136166244,-0.159772025,-0.09334422,0.060233493,-0.138065028,-0.010798928,-0.021050281,-0.020562992,-0.107229316,0.011882612,0.120135245,0.045956772,0.120212051,0.062766271,0.010603388,0.02860658,0.089163115,-0.101752026,0.012185914,-0.028526177,0.074038171,-0.117637006,-0.059411177,0.069738034,0.015472995,-0.031015764,-0.151727895,0.019249681,0.048444598,0.028467784,0.128934296,0.030992843,-0.006368047
7/15/2015 12:00,0.140283134,-0.016359423,-0.06348533,-0.176617862,0.082200609,-0.003629153,0.076283843,0.128101004,-0.133840954,-0.15646952,0.093165308,-0.126119233,-0.011529048,-0.037995875,-0.050174266,-0.123870294,0.068978597,0.166747692,-0.00210515,0.11747564,0.088265611,0.014423163,-0.000492039,0.098261046,-0.088750832,0.02951998,-0.018091808,0.098626644,-0.15795613,-0.103661844,0.071034202,0.046474682,-0.008554681,-0.159804928,0.007989699,0.049296575,0.009719032,0.148610428,0.055903713,-0.013992757
7/15/2015 13:00,0.14683777,0.02514068,-0.069312468,-0.184330774,0.064418242,0.039611722,0.089562738,0.085192713,-0.048274928,-0.190821574,0.12154946,-0.112871851,-0.030661835,-0.055133478,-0.077895131,-0.110565703,0.085757992,0.185663984,-0.043659111,0.090855423,0.110920552,0.026187175,-0.024498938,0.105132009,-0.072941452,0.04968313,-0.027424809,0.115905318,-0.183891877,-0.090723613,0.072334196,0.071054147,0.015418973,-0.168733673,-0.002968998,0.049303491,-0.015122397,0.146165025,0.054049842,0.007373857
7/15/2015 14:00,0.133653839,0.058894479,-0.025826901,-0.152929119,0.0343497,0.01860596,0.012739086,0.055600373,0.026570647,-0.200348584,0.146010167,-0.05913562,-0.049959737,-0.089791062,-0.117914858,-0.086333731,0.019967509,0.163535337,-0.070855648,0.061504587,0.13335681,0.038884057,-0.034599606,0.096266218,-0.01728282,0.089680934,-0.033576654,0.123734286,-0.20792048,0.028003387,0.074300689,0.092458223,0.040424921,-0.177258115,-0.02933376,0.008434637,-0.052721325,0.100986819,0.029307081,0.020403339
7/15/2015 15:00,0.118347661,0.104530261,-0.026426197,-0.110147788,0.030138077,-0.034148675,0.000562236,0.06029736,0.047581874,-0.220229062,0.155816603,-0.009240129,-0.053743263,-0.099655609,-0.141059431,-0.075867966,-0.024039346,0.144692064,-0.04679668,0.077367927,0.144606896,0.03933398,-0.033263384,0.073718912,0.026667329,0.116069495,-0.03506918,0.127460994,-0.221745437,0.090508593,0.075827912,0.102393543,0.050765778,-0.174581955,-0.055749533,-0.033365823,-0.070208034,0.068509306,0.00974716,0.008481959
7/15/2015 16:00,0.099497078,0.158084955,-0.026753307,-0.018543832,0.015241419,-0.06961441,-0.040617371,0.075052239,0.072168933,-0.187461687,0.150508003,0.030481301,-0.057668118,-0.091072626,-0.155524933,-0.068143111,-0.061569049,0.094432932,-0.020681246,0.131732325,0.1437815,0.03811832,-0.020654699,0.049289489,0.05793274,0.137632491,-0.030033928,0.11384936,-0.2292597,0.152359828,0.076573014,0.099464264,0.049695776,-0.176675659,-0.079702788,-0.053442484,-0.071813335,8.44E-05,-0.023212666,-0.045638304
7/15/2015 17:00,0.079790111,0.149482435,-0.024301375,0.019059654,0.030378679,-0.093783592,-0.054449934,0.077933397,0.030176235,-0.148783931,0.131306869,0.053206673,-0.043324378,-0.073729759,-0.140572067,-0.064350271,-0.064680098,0.065674835,0.024564199,0.166497562,0.131404565,0.026514626,-0.001411437,0.028253083,0.077594152,0.141173242,-0.041672504,0.102436019,-0.225651726,0.13335168,0.076535808,0.084544767,0.036418248,-0.155927433,-0.086082336,-0.078060785,-0.074726281,-0.021944465,-0.036382003,-0.064043472
7/15/2015 18:00,0.055952334,0.139692112,-0.044967302,0.042674171,0.055527064,-0.109454348,-0.063680564,0.077178683,-0.023820173,-0.091751005,0.101759108,0.055855287,-0.032601297,-0.063361738,-0.106645154,-0.065772961,-0.065514054,0.037010116,0.053805437,0.207338217,0.111207327,0.018804271,0.028666847,0.014162816,0.081461294,0.13131042,-0.055878691,0.077526579,-0.218957522,0.100647484,0.076091313,0.057796709,0.019323864,-0.136112108,-0.075345099,-0.09231604,-0.067934341,-0.034118058,-0.041622043,-0.078067607
7/15/2015 19:00,0.035503076,0.11820267,-0.050870868,0.054709149,0.05482466,-0.08033828,-0.030117465,0.076438709,-0.034824287,-0.036808614,0.066195721,0.048656629,-0.015027158,-0.040674405,-0.066505569,-0.056247385,-0.037849128,0.032117237,0.0583583,0.18871705,0.088289178,0.000959149,0.072138313,0.003158418,0.073800612,0.114327146,-0.082062257,0.058943416,-0.215761006,0.040689399,0.07653281,0.020618602,-0.008926394,-0.090925364,-0.050338845,-0.146114055,-0.072257453,0.067514594,0.013010255,0.042950296
7/15/2015 20:00,0.018664924,0.081214697,-0.023558804,0.026835561,0.033674487,-0.054007901,-0.017380336,0.050453637,-0.03671271,-0.010806789,0.036326625,0.035265892,-0.002903202,-0.033184756,-0.039591398,-0.039022188,-0.016918016,0.02069906,0.027150321,0.134161245,0.070080154,-0.00950148,0.110814642,5.84E-06,0.063062002,0.101356667,-0.09673277,0.038889344,-0.206239554,0.007907809,0.077235455,-0.006952012,-0.029275866,-0.077328057,-0.033207561,-0.143656199,-0.070497541,0.065775455,0.016736548,0.04061414
7/15/2015 21:00,0.012884151,0.060153779,0.009759225,0.019737455,0.014474247,-0.020417834,-0.009370151,0.035751456,-0.021772891,0.007148699,0.018483873,0.026384632,0.001912042,-0.02147357,-0.023940141,-0.029538185,-0.011474917,0.010389256,0.011263296,0.084270174,0.060399587,-0.016321175,0.138445615,-0.003735211,0.054252631,0.095526436,-0.106414879,0.033262233,-0.193082497,0.001902512,0.078185244,-0.023531765,-0.042546873,-0.070529179,-0.027881946,-0.1397219,-0.07073022,0.064459343,0.010989134,0.046136726
7/15/2015 22:00,0.005434902,0.030766999,-0.001103406,0.004906382,0.006570446,-0.00585911,-0.004728253,0.022042595,-0.014209494,-0.016313906,0.007303129,0.013881439,-0.00231073,-0.008460431,-0.015998961,-0.009848497,-0.005251416,0.009814711,0.009930355,0.036316456,0.054568254,-0.018525277,0.15441043,-0.004768217,0.040314231,0.097804611,-0.124721559,0.028000805,-0.185380067,-0.003812005,0.078893596,-0.035586436,-0.048410712,-0.063212558,-0.024715302,-0.126360344,-0.075726194,0.060466654,0.008257752,0.055123074
7/15/2015 23:00,0,0,0,0,0,0,0,0,0,0,0,0,0,0,0,0,0,0,0,0,0.051335066,-0.020756936,0.164128435,-0.003965245,0.026504498,0.091949253,-0.125278307,0.016703447,-0.173878299,0.000789885,0.079464296,-0.036773477,-0.052068664,-0.081441986,-0.028618355,-0.064159502,-0.061781483,-0.04105818,-0.047492848,-0.067623399
7/16/2015 0:00,0,0,0,0,0,0,0,0,0,0,0,0,0,0,0,0,0,0,0,0,0,0,0,0,0,0,0,0,0,0,0.080165634,-0.042213741,-0.056102288,-0.078329636,-0.020350386,-0.046294948,-0.060530196,-0.043981943,-0.04988609,-0.058946747
7/16/2015 1:00,0.003533871,-0.018512111,0.008156102,0.03241458,-0.033518567,-0.004808244,-0.006982607,0.008909489,0.032872397,-0.007718968,-0.006344067,-0.015734362,-0.00263131,0.00641499,0.001290529,0.004209723,-0.016349177,-0.012763164,0.004769211,-0.016902618,-0.002537032,-0.001691974,0.012779976,-0.00019925,-0.016571416,-0.001670734,-0.010941031,-0.002826126,0.007578217,0.016065746,0.080789743,-0.049082097,-0.060534717,-0.076339105,-0.015867976,-0.032916087,-0.059436076,-0.045487667,-0.054812294,-0.051190084
7/16/2015 2:00,0.012173422,-0.027073918,0.018213602,0.047962786,-0.060168621,-0.018032993,0.000794572,0.002029782,0.04462894,0.007861139,-0.009753372,-0.032274409,-0.005568153,0.000873503,9.14E-05,0.00720847,-0.02940164,-0.022057174,0.004305818,-0.025778418,-0.002922606,-0.000749209,0.023563149,0.006156522,-0.029383606,-0.00098344,-0.020948587,-0.005989489,0.014397676,0.026119678,0.081435947,-0.053552535,-0.061978239,-0.077616738,-0.008618824,-0.020031693,-0.063828677,-0.045945497,-0.054709172,-0.04431073
7/16/2015 3:00,0.014121482,-0.033250216,0.040631831,0.041306139,-0.073829329,-0.035050838,0.009030727,0.011484257,0.047366968,0.00140175,-0.013009308,-0.046680679,-0.006035629,-0.001896166,-0.000239386,0.017689395,-0.04379872,-0.029761227,0.002373476,-0.041166278,-0.003900321,-0.001455136,0.030865993,0.010851876,-0.040392976,-0.001201074,-0.031208889,-0.007647539,0.026240467,0.035019228,0.081829271,-0.057291249,-0.063918003,-0.076250711,-0.002548145,-0.009720652,-0.069690187,-0.044362453,-0.056733865,-0.036588236
7/16/2015 4:00,0.021759849,-0.047422799,0.043223408,0.050535503,-0.068291458,-0.044924483,-0.00795354,0.013380417,0.05721263,-0.028522843,-0.015921581,-0.057404893,-0.006956841,-0.000175162,0.003843078,0.014300564,-0.05466235,-0.038660054,0.007436428,-0.049270174,-0.004406248,-0.002449425,0.038507552,0.009786926,-0.052116223,-0.003081763,-0.034369979,-0.011488699,0.031153359,0.043005114,0.082287723,-0.060754907,-0.065336669,-0.074094145,0.000120673,-0.001640838,-0.066441753,-0.041660709,-0.054946602,-0.036011819
7/16/2015 5:00,0.031932758,-0.074597245,0.05817146,0.076421031,-0.087673856,-0.073867202,-0.011334657,0.032798116,0.060108909,-0.014762182,-0.017518127,-0.071913027,-0.007996927,-0.003736493,0.00170939,0.024700123,-0.080596663,-0.050602686,0.008615563,-0.044815701,-0.003345622,-0.003161412,0.048776113,0.01593603,-0.063246797,-0.002042204,-0.04960883,-0.011217314,0.049339622,0.055003329,0.082042188,-0.063833149,-0.07429769,-0.079480461,-0.006076642,0.014082568,-0.103044557,-0.020835977,-0.090596238,-0.036340501
7/16/2015 6:00,0.040152189,-0.075195035,0.074574527,0.052516479,-0.086744723,-0.086567459,-0.004519489,0.042891518,0.070537744,-0.028062457,-0.020033133,-0.082728415,-0.006221655,-0.004899734,0.002938871,0.019664805,-0.084874688,-0.052518059,0.009347617,-0.058200891,-0.003092418,-0.005956989,0.057417198,0.017073093,-0.073986643,-0.003635699,-0.050162314,-0.012518694,0.05364725,0.056370799,0.082970561,-0.063430724,-0.071300288,-0.075548336,0.005046882,0.021617258,-0.090259253,-0.02133813,-0.067046853,-0.040467827
7/16/2015 7:00,0.061917737,-0.079358982,0.085860771,0.081922356,-0.101474782,-0.1035675,-0.006119347,0.066700374,0.084377791,-0.020441235,-0.022467111,-0.096230509,-0.004841535,-0.003180096,0.001629153,0.026620729,-0.100628591,-0.069491122,0.03842408,-0.049520013,-0.002785275,-0.009325239,0.067137501,0.02070076,-0.084941421,0.000388787,-0.062705134,-0.015756961,0.065335763,0.064773095,0.084447692,-0.068112175,-0.072769978,-0.069056076,0.012230415,0.026320242,-0.079232575,-0.034176276,-0.056404026,-0.010719566
7/16/2015 8:00,0.079613194,-0.069126407,0.092060787,0.071447515,-0.095490992,-0.111660562,-0.002754394,0.103855974,0.042892627,0.033869693,-0.018772245,-0.112170499,-0.001647464,-0.005026743,0.009889296,0.01840767,-0.120965171,-0.06655358,0.0818315,-0.009789194,0.000858562,-0.012041127,0.068631761,0.025591395,-0.097373812,-0.007681416,-0.068811967,-0.008455212,0.073361836,0.062079784,0.084839955,-0.064086329,-0.073667848,-0.069795344,0.017573329,0.036436263,-0.077489356,-0.016699805,-0.060813918,-0.00276426
7/16/2015 9:00,0.095555458,-0.060468795,0.088775183,0.086913665,-0.098503075,-0.096259874,0.029180146,0.147628867,-0.000196808,0.056604712,-0.007620767,-0.122144337,0.002101817,-0.004966923,-0.012667378,0.0207428,-0.104822926,-0.041612034,0.111619443,0.03077336,0.01028319,-0.014769488,0.062130168,0.0337266,-0.105958191,0.004417852,-0.07223456,0.006217234,0.07441965,0.021106513,0.085578645,-0.053133001,-0.069181044,-0.073067529,0.011202722,0.049642371,-0.091311969,-0.000696739,-0.047863228,-0.00297944
7/16/2015 10:00,0.111648502,-0.068737977,0.092811025,0.083540273,-0.086042685,-0.061727248,0.04553095,0.179513374,-0.035724227,0.095007327,0.017227699,-0.130468866,0.009664048,-0.007866881,-0.052950408,0.024476577,-0.087608305,-0.013510149,0.128201865,0.049305379,0.029818034,-0.018158612,0.044010886,0.049589079,-0.111534335,0.022289639,-0.066622881,0.024579724,0.079389059,-0.018135861,0.086750705,-0.028144776,-0.059102693,-0.082439267,0.003158729,0.064169108,-0.109780914,0.013136047,-0.022540078,0.008230254
7/16/2015 11:00,0.126707224,-0.071327579,0.089249148,0.056366929,-0.084371229,-0.042983111,0.123984673,0.23801198,-0.056333268,0.10336352,0.050442828,-0.133093831,0.027769894,0.006329628,-0.121847889,0.033656232,-0.038786292,0.043091437,0.121917354,0.069320554,0.054815516,-0.027810691,0.011429864,0.061165531,-0.122117573,0.061168967,-0.055268764,0.047826274,0.068419703,-0.094402667,0.087951617,0.005006125,-0.043945247,-0.083378643,-0.019409423,0.086374105,-0.137820673,0.031164904,0.031946537,-0.005295436
7/16/2015 12:00,0.138852132,-0.06199437,0.08459594,0.028924553,-0.104743723,-0.000409761,0.194309484,0.207909047,-0.014676364,0.06184538,0.087606348,-0.125566919,0.03933111,0.045974676,-0.165006235,0.081482693,0.008176498,0.095497171,0.065697004,0.039014932,0.082462683,-0.041545982,-0.034377616,0.061424708,-0.133020254,0.103413754,-0.064598555,0.056337786,0.067636338,-0.136685559,0.089222964,0.042387164,-0.025293353,-0.065075179,-0.049353211,0.11517959,-0.165549442,0.031137879,0.069578406,0.010306663
7/16/2015 13:00,0.14762589,-0.043904129,0.067703203,0.011647083,-0.135462434,0.010512572,0.215769752,0.166496725,0.065338381,0.009825991,0.125622093,-0.094235057,0.040259224,0.098087834,-0.195319901,0.148572663,0.030414154,0.124036733,0.010351837,-0.029847426,0.11134185,-0.053726347,-0.08403156,0.040174968,-0.131806072,0.145846306,-0.072952756,0.052373828,0.086357844,-0.132243518,0.090673471,0.080520664,-0.002811169,-0.039382102,-0.091156153,0.131021152,-0.178641381,0.003829824,0.082865712,0.023217858
7/16/2015 14:00,0.137472004,-0.003672808,0.068037182,-0.000795115,-0.150750365,-0.008934035,0.200021571,0.145083162,0.145376659,-0.052190603,0.155988801,-0.047246447,0.037320828,0.152490129,-0.215100422,0.211642563,0.005046065,0.138245547,-0.03223778,-0.115898274,0.135981917,-0.066147721,-0.122308401,0.003687301,-0.119387236,0.189596056,-0.087288283,0.044237452,0.125985259,-0.085322921,0.092312654,0.111593964,0.016508094,-0.008058654,-0.138098334,0.129082132,-0.184885669,-0.036344895,0.075756015,0.046698011
7/16/2015 15:00,0.125893228,0.034299849,0.077591859,0.035795567,-0.153183514,-0.032914502,0.150529547,0.120573943,0.180652717,-0.036096528,0.172912397,0.00990608,0.026227141,0.185113012,-0.212837365,0.23460032,-0.058257273,0.122097935,-0.011275096,-0.152647671,0.152476549,-0.071753557,-0.13506598,-0.041240635,-0.090651017,0.218291613,-0.09139492,0.036510747,0.160454056,-0.007059482,0.094075367,0.129079813,0.029832595,0.011817607,-0.183405134,0.100515793,-0.178142826,-0.076508398,0.042708582,0.05975191
7/16/2015 16:00,0.107272753,0.076166937,0.066050542,0.095452584,-0.109893013,-0.080478378,0.055961478,0.145426698,0.124503799,-0.035401242,0.17046355,0.064147487,0.011581902,0.19719829,-0.207986769,0.193166583,-0.138543319,0.068889296,0.03780756,-0.111047318,0.154183082,-0.066786447,-0.124713791,-0.088296678,-0.054892362,0.232905944,-0.08315442,0.031308779,0.183205289,0.066094692,0.094785924,0.12643138,0.03657554,0.023890672,-0.214170956,0.050144989,-0.159597273,-0.108696428,0.011083425,0.063680839
7/16/2015 17:00,0.084667015,0.087717947,0.076135525,0.113209822,-0.067188041,-0.082609588,0.002422531,0.119323813,0.06947868,0.007502584,0.150736873,0.092786009,0.012883196,0.17434331,-0.176852742,0.137307272,-0.168942653,0.04545381,0.062983475,-0.049968895,0.143770408,-0.066379484,-0.09258606,-0.116859942,-0.02892955,0.221309798,-0.074095738,0.014595902,0.173114928,0.071290205,0.095272545,0.107967123,0.03072765,0.033140339,-0.210757777,0.00620008,-0.135172877,-0.115499638,0.001957993,0.041051888
7/16/2015 18:00,0.063694988,0.101719821,0.031470106,0.130648367,-0.023515795,-0.103887734,0.003636312,0.124692638,0.004545267,-0.031270084,0.121013145,0.099147465,0.014972008,0.13526796,-0.136334373,0.082950785,-0.14090322,0.03686335,0.098658367,0.027489085,0.124074101,-0.06646534,-0.057747523,-0.127512921,-0.011149998,0.199950827,-0.079002794,0.0044094,0.141609336,0.020184384,0.094881662,0.080469921,0.017069189,0.04043333,-0.193076018,-0.021395944,-0.118370188,-0.10785711,-0.00871141,0.005448996
7/16/2015 19:00,0.038343099,0.084029566,0.003260249,0.120815389,-0.005194214,-0.095168743,0.010836258,0.115373556,-0.021211217,-0.007933595,0.081415339,0.085697407,0.016217153,0.099147218,-0.096585681,0.050000743,-0.096938456,0.033353922,0.096399181,0.069220019,0.097470892,-0.066001217,-0.01096444,-0.128123252,-0.009434113,0.171851567,-0.090832641,-0.013409144,0.111882081,-0.045489719,0.094461517,0.035504649,-0.004873718,0.067911935,-0.150759676,-0.09222272,-0.114668132,0.018586087,0.056139179,0.116166414
7/16/2015 20:00,0.016539704,0.057069118,0.005680723,0.081748156,-0.002742209,-0.048590986,0.021430837,0.094197419,-0.01692931,0.009116797,0.04487889,0.061895971,0.015604937,0.06030603,-0.055862169,0.020882534,-0.046724907,0.025884855,0.058670132,0.06083467,0.074415741,-0.064555049,0.037892095,-0.120815141,-0.016760525,0.143019455,-0.097271535,-0.031088295,0.094744884,-0.099756606,0.094806239,-0.000314324,-0.024298476,0.06652016,-0.118081239,-0.09374028,-0.100076259,0.033159484,0.059497162,0.105583015
7/16/2015 21:00,0.004388912,0.029699674,0.019042106,0.03836758,-0.014186667,-0.042131219,0.015258081,0.06057342,-0.002548787,0.012340111,0.022609727,0.04059458,0.009555706,0.028045982,-0.031770814,0.006505275,-0.029537478,0.019077752,0.027754763,0.022515696,0.060604443,-0.059191942,0.069001301,-0.11253011,-0.023873867,0.120399035,-0.101889673,-0.036333479,0.093254399,-0.1126796,0.095088678,-0.023025366,-0.034834513,0.05960948,-0.093796946,-0.091360261,-0.09090214,0.043686622,0.053050476,0.104533481
7/16/2015 22:00,0.002615092,0.011963852,0.00173119,0.023621008,-0.000590329,-0.023285904,0.015489638,0.020470287,0.003034086,0.009909012,0.00900481,0.0206049,0.004315682,0.012117595,-0.012026831,0.001379174,-0.004997685,0.00641758,0.007254026,0.006456371,0.05220077,-0.055821388,0.086007088,-0.107329149,-0.037780118,0.108925296,-0.107272852,-0.046003904,0.085890215,-0.127619821,0.095274862,-0.038173583,-0.039241717,0.060748888,-0.078118157,-0.079757818,-0.084841774,0.050446987,0.058459111,0.094207509
7/16/2015 23:00,0,0,0,0,0,0,0,0,0,0,0,0,0,0,0,0,0,0,0,0,0.047308034,-0.053783076,0.100185783,-0.100144226,-0.052276971,0.101291684,-0.115722871,-0.049745384,0.085113847,-0.126470236,0.095660812,-0.048336496,-0.043165394,0.059435276,-0.065925545,-0.06643384,-0.082969786,0.056815422,0.058958898,0.094466528
7/17/2015 0:00,0,0,0,0,0,0,0,0,0,0,0,0,0,0,0,0,0,0,0,0,0,0,0,0,0,0,0,0,0,0,0.095971103,-0.056872539,-0.047391664,0.061321994,-0.055239756,-0.052574495,-0.08205947,0.063874094,0.058070161,0.087881958
7/17/2015 1:00,-0.000525056,-0.039068504,-0.04198933,0.008528489,-0.009564035,-0.015970814,-0.008025256,-0.036728682,0.027987013,0.004294195,-0.004858472,-0.014644088,-0.001185542,-0.00113716,0.011600827,0.008489776,0.015263305,-0.01141584,0.001503878,0.004950599,-0.002209987,0.001490547,0.007330474,0.003334542,-0.010519507,-0.013532585,-0.004726621,-0.007966266,-0.003236476,-0.007435366,0.096255946,-0.062024408,-0.049565167,0.060768116,-0.044933771,-0.043129593,-0.075850565,0.066933493,0.055740921,0.086642576
7/17/2015 2:00,0.000637611,-0.075704856,-0.06047909,0.026155952,-0.005557326,-0.032039758,0.010356142,-0.038732526,0.048741036,-0.005198056,-0.010736004,-0.032312233,8.30E-05,0.006186934,0.023408754,0.017188776,0.015640633,-0.017825305,0.010846572,0.002718606,-0.004932102,0.000633837,0.016423328,0.003800255,-0.027689306,-0.02455879,-0.013477408,-0.010084111,0.000808032,-0.008873344,0.096786964,-0.06187873,-0.050121368,0.042453442,-0.050286158,0.030610248,-0.060960444,-0.040983297,-0.014587998,-0.055179658
7/17/2015 3:00,0.007427776,-0.087505221,-0.076857174,0.025053008,-0.000472732,-0.054967604,-0.004254959,-0.046920403,0.074450747,-0.000208413,-0.013839462,-0.043419346,0.003712484,0.014702126,0.034822888,0.022163665,0.00796675,-0.030393264,0.02195536,0.000320502,-0.005658064,-0.001175875,0.022841083,0.002526314,-0.03876403,-0.033406281,-0.018306757,-0.013676548,0.007838437,-0.000376075,0.097179578,-0.064818614,-0.052277474,0.046901304,-0.045275521,0.03993173,-0.055366751,-0.037506249,-0.020237303,-0.059562165
7/17/2015 4:00,0.01274845,-0.110089455,-0.097948924,0.033101114,-0.001326775,-0.067778909,-0.015001118,-0.062858657,0.097040039,-0.004908633,-0.016901259,-0.056846308,0.003179506,0.016174197,0.042977705,0.027570036,0.007691387,-0.040774769,0.022094636,0.002684227,-0.006467232,0.000327522,0.028724611,0.003617767,-0.050653686,-0.042645185,-0.0227001,-0.019800377,0.011551447,0.000207204,0.097492741,-0.068583127,-0.052332964,0.048304719,-0.037205512,0.05128379,-0.049867408,-0.034746684,-0.022921389,-0.063475732
7/17/2015 5:00,0.021344936,-0.123173736,-0.108498456,0.032164593,0.000247855,-0.089636477,-0.022384164,-0.065664315,0.116928099,-0.000747585,-0.017625112,-0.068093407,0.006752803,0.021645173,0.052019236,0.030747666,0.005173207,-0.051040161,0.045490807,-0.004492167,-0.005876365,-0.000789002,0.032622333,0.005386201,-0.059363789,-0.050906983,-0.023568576,-0.01890429,0.02417578,0.003248371,0.097799075,-0.069001062,-0.053970921,0.049189447,-0.034436069,0.058889612,-0.046006672,-0.027962951,-0.028019403,-0.067118736
7/17/2015 6:00,0.029729217,-0.137136733,-0.125160624,0.042872305,-0.010829528,-0.111449405,-0.025654829,-0.070020631,0.131906229,0.004265651,-0.020521109,-0.079606735,0.005350238,0.025798223,0.051808537,0.033958695,0.006108771,-0.063077014,0.056412205,0.005516485,-0.006600727,0.001218369,0.038622632,0.006089336,-0.070200535,-0.053883648,-0.025679057,-0.023760467,0.025402006,0.004419329,0.098105495,-0.072722205,-0.053940492,0.048962682,-0.031433716,0.069044078,-0.042521446,-0.027887723,-0.027628164,-0.07237864
7/17/2015 7:00,0.049369967,-0.155038525,-0.163720239,0.067325062,0.018342787,-0.129208647,-0.028270807,-0.066907341,0.114940936,0.014441757,-0.021858618,-0.092111606,0.012813997,0.043643881,0.063069323,0.036324373,0.002571731,-0.066438252,0.092245176,0.040307208,-0.006131976,-0.004955797,0.042733409,0.003206557,-0.08528506,-0.062566219,-0.03499808,-0.023685834,0.018171582,0.004034046,0.098556645,-0.07328559,-0.057336724,0.057106702,-0.029202582,0.080855058,-0.037964785,-0.016626614,-0.032774528,-0.077182216
7/17/2015 8:00,0.063965382,-0.153281327,-0.169444905,0.083308588,0.033017795,-0.138591256,-0.040281052,-0.039087095,0.041984748,0.04489952,-0.016873704,-0.100997821,0.023186412,0.048895497,0.070026708,0.019584209,0.006626147,-0.066219259,0.133942697,0.086397934,-0.002178028,-0.007402117,0.039175187,0.00335554,-0.093008086,-0.07564976,-0.026451417,-0.017734808,0.01025566,-0.014640931,0.098622368,-0.067237113,-0.056680745,0.055903753,-0.026580343,0.085908732,-0.028268923,0.001505983,-0.028765548,-0.09408271
7/17/2015 9:00,0.078218155,-0.15696177,-0.182994587,0.09581223,0.044697654,-0.114325901,-0.020900143,0.008666504,-0.002868435,0.064540194,-0.002449706,-0.109602925,0.021113537,0.062350024,0.06729941,0.0119384,0.017559866,-0.048014537,0.16067736,0.117006545,0.010634667,-0.006201687,0.031629999,0.001191391,-0.107678548,-0.080591782,-0.02670053,-0.006884601,-0.007229033,-0.035568199,0.099755123,-0.054600206,-0.047326591,0.054361845,-0.030750966,0.100055377,-0.024228123,0.024116934,-0.024255086,-0.091230992
7/17/2015 10:00,0.110076179,-0.13212241,-0.212585368,0.081450252,0.070921786,-0.07117971,0.055055153,0.01190759,-0.072554592,0.071745679,0.024810858,-0.118158348,0.01968737,0.094293358,0.076740586,0.00770172,0.06423052,-0.020265153,0.160076257,0.131809711,0.031488859,-0.007627613,0.002358802,-0.003516427,-0.130209773,-0.090096566,-0.022140738,0.000847468,-0.019879956,-0.084990583,0.100777828,-0.028747462,-0.031424131,0.060183273,-0.037966865,0.126603406,-0.009545009,0.051771614,-0.012119079,-0.081169254
7/17/2015 11:00,0.120189603,-0.117763169,-0.232413476,0.056091947,0.078545346,-0.026257226,0.106996298,0.018918562,-0.105815594,0.055165152,0.059191741,-0.112042927,0.001208404,0.111377266,0.098499934,0.000312166,0.124598849,0.017841223,0.143581299,0.127524892,0.057930253,0.000117524,-0.035481029,-0.019710361,-0.143844535,-0.110671747,-0.008028942,-0.006434344,-0.053546283,-0.136775206,0.101969165,0.001770523,-0.004022482,0.062328352,-0.043384348,0.141486305,0.026220934,0.073251454,-2.81E-05,-0.079271748
7/17/2015 12:00,0.129225025,-0.090990439,-0.241020907,0.01763973,0.066650074,0.011849546,0.15558484,0.008425417,-0.084480397,0.020822236,0.096189982,-0.097557981,-0.03092616,0.129672271,0.119412111,0.009755901,0.168214805,0.053160789,0.055440976,0.092028653,0.087444661,0.014467,-0.075026864,-0.039470714,-0.151183742,-0.122913554,-0.00901616,-0.014017225,-0.087093161,-0.145897113,0.103550496,0.033069499,0.030469617,0.067889768,-0.052648488,0.156089744,0.05096949,0.082919212,-0.004623769,-0.046978461
7/17/2015 13:00,0.137718613,-0.040933887,-0.246864697,0.061181387,0.030173155,0.062635538,0.147705183,-0.030374891,0.035555937,0.00977386,0.132204076,-0.069848991,-0.071309443,0.157614606,0.147501307,0.035787424,0.198163871,0.062596071,-0.010758587,0.044930079,0.116919436,0.029639353,-0.114192968,-0.071704094,-0.151910431,-0.134231665,-0.012722615,-0.027946683,-0.096535183,-0.132049986,0.105342531,0.064096269,0.065079747,0.073978915,-0.070605744,0.172132521,0.084441996,0.060269553,-0.040112854,-0.035033236
7/17/2015 14:00,0.136107874,0.001193491,-0.254495111,0.065792193,0.004735794,0.088380763,0.127279103,-0.088934492,0.152052339,0.004485412,0.161534414,-0.031499453,-0.113742818,0.189200352,0.189899211,0.048879304,0.179975054,0.05729228,-0.074151197,0.003295158,0.141980147,0.046160267,-0.14531793,-0.118478905,-0.14734927,-0.143631621,-0.020562644,-0.040909323,-0.100369491,-0.073704047,0.107031498,0.086848077,0.099856823,0.090001228,-0.095154248,0.169681346,0.118132267,0.047099148,-0.082200616,-0.012422725
7/17/2015 15:00,0.12536646,0.059156686,-0.204196769,0.113218227,0.001913573,0.042479222,0.02956647,-0.083260951,0.144732387,-0.012317916,0.178882473,0.030090604,-0.152976423,0.203632209,0.217761842,0.044815602,0.061069208,-0.001280228,-0.108053435,0.000553606,0.160449186,0.065438929,-0.151566696,-0.175517355,-0.113591663,-0.146072223,-0.026163041,-0.057676347,-0.065286334,0.058612662,0.108891374,0.098929467,0.128851029,0.103573706,-0.1200916,0.126543492,0.146201729,0.011325866,-0.144473536,0.025029083
7/17/2015 16:00,0.110698627,0.106840222,-0.191439784,0.164843218,0.025533969,-0.023998906,-0.03160238,-0.071570451,0.104067288,0.033404374,0.176652206,0.082423445,-0.161473784,0.21364554,0.237658748,0.022166569,-0.036156546,-0.038219341,-0.060727529,0.021181776,0.164411838,0.067470923,-0.136235601,-0.224310883,-0.078289291,-0.149200193,-0.036121169,-0.059117402,-0.040090669,0.133253873,0.110351499,0.097038947,0.135555181,0.121918968,-0.137950475,0.079998035,0.163984876,-0.012844153,-0.198519712,0.026479753
7/17/2015 17:00,0.088094181,0.123934532,-0.154631485,0.201648701,0.052486381,-0.063138435,-0.051868415,-0.032048022,0.060877097,0.036112724,0.153525538,0.111027331,-0.138262128,0.213711169,0.215108086,-0.002960159,-0.09224372,-0.03698029,-0.028221243,0.080116992,0.152188033,0.056372468,-0.099647965,-0.249732049,-0.052986752,-0.134326253,-0.044527944,-0.056645348,-0.050413625,0.149314019,0.111087519,0.077301507,0.12269949,0.137865875,-0.145923184,0.039581873,0.153868175,-0.020561636,-0.203816206,-0.002209939
7/17/2015 18:00,0.061728539,0.126431119,-0.122434713,0.199928514,0.074500385,-0.07182047,-0.066990885,0.016897322,-0.023789983,0.05649423,0.117328049,0.118129137,-0.103625687,0.182813695,0.175108676,-0.031437997,-0.105388259,-0.027837938,0.012442705,0.120463431,0.128356256,0.04381057,-0.052822984,-0.249041691,-0.02840471,-0.124506334,-0.042464734,-0.05932617,-0.057583085,0.105588626,0.110783086,0.047322805,0.096765469,0.139242091,-0.133913411,0.000474381,0.138497014,-0.023919753,-0.18070114,-0.028488544
7/17/2015 19:00,0.033936748,0.092459064,-0.103009639,0.16111521,0.081499737,-0.057216051,-0.050704968,0.042437959,-0.028965564,0.043704429,0.076324468,0.099509445,-0.062383538,0.150735016,0.137192596,-0.032362211,-0.084159579,-0.000481089,0.030495239,0.13077935,0.100920913,0.024878177,0.001516367,-0.230328278,-0.024297728,-0.117595952,-0.051811456,-0.065478343,-0.072757174,0.033516393,0.110677092,0.0042752,0.061730653,0.167912153,-0.094905626,-0.082745257,0.103171408,0.119093019,-0.065101525,0.097630529
7/17/2015 20:00,0.021958306,0.06616777,-0.062957673,0.093535171,0.052703052,-0.023847342,-0.021024851,0.027764682,-0.021624224,0.066454877,0.043142105,0.071373856,-0.02948805,0.102440822,0.091302875,-0.029253245,-0.044179923,0.01639326,0.021297646,0.103910589,0.079737828,0.015248289,0.048976144,-0.200112298,-0.023581097,-0.112868938,-0.053508977,-0.065228864,-0.085319489,-0.03249832,0.110958067,-0.025086723,0.036548088,0.157960803,-0.064179989,-0.087423794,0.07595847,0.127284472,-0.023633322,0.067420309
7/17/2015 21:00,0.010371582,0.033151003,-0.025135611,0.060489918,0.028375988,-0.006839255,-0.016072227,0.025296767,-0.005296385,0.049757905,0.021541212,0.045830545,-0.016943488,0.059821772,0.054470018,-0.025213478,-0.027870981,0.017710885,0.006456175,0.059555383,0.065617722,0.016615494,0.079631174,-0.174782245,-0.025445325,-0.112861908,-0.048112528,-0.064617072,-0.083672767,-0.05356507,0.110980957,-0.045595427,0.022571491,0.139767533,-0.040697396,-0.087651559,0.061717255,0.129116139,-0.000231303,0.048096195
7/17/2015 22:00,0.005040024,0.0145041,-0.018891176,0.01840286,0.017321005,-0.015205674,-0.009698017,0.007794896,-0.017019939,0.025886156,0.00865468,0.021942593,-0.007766507,0.026027506,0.02879306,-0.009150763,-0.016110959,0.006134024,0.005126949,0.031212137,0.057841117,0.019149999,0.099947976,-0.150855943,-0.028414107,-0.115085826,-0.052179067,-0.069124117,-0.078411628,-0.069957627,0.11114159,-0.058243252,0.015203734,0.128485253,-0.015895164,-0.082633355,0.0467424,0.125731837,0.015491691,0.035444869
7/17/2015 23:00,0,0,0,0,0,0,0,0,0,0,0,0,0,0,0,0,0,0,0,0,0.05312667,0.021680885,0.11532446,-0.13211597,-0.035343433,-0.115895269,-0.051107883,-0.068841227,-0.076800294,-0.088537051,0.11144014,-0.067312513,0.010831275,0.117809806,0.002427736,-0.075194575,0.03590702,0.128234448,0.034389858,0.019342441
7/18/2015 0:00,0,0,0,0,0,0,0,0,0,0,0,0,0,0,0,0,0,0,0,0,0,0,0,0,0,0,0,0,0,0,0.111536639,-0.075856344,0.006892268,0.109167487,0.018672351,-0.067941216,0.02593611,0.127686311,0.041908753,0.013083116
7/18/2015 1:00,0.006163667,-0.013349099,0.017822452,-0.01500117,-0.045354393,-0.027628333,-0.009961599,-0.024282564,-0.020075982,-0.013231908,-0.005633066,-0.021000576,0.006876717,-0.006643322,-0.003832956,0.011643828,-0.005008695,-0.002118528,0.012095685,-0.011473057,-0.002300972,0.001441563,0.013814306,0.017682868,-0.009015514,-0.000908718,-0.007581361,-0.005771769,0.002522471,0.0025869,0.111964069,-0.082042417,0.00342066,0.103121484,0.035183682,-0.058195912,0.01571937,0.129520968,0.051252169,0.011844646
7/18/2015 2:00,0.012169381,-0.024647158,0.014104055,-0.026250001,-0.061870805,-0.039822686,-0.022119901,-0.035745498,-0.026131015,-0.020964766,-0.010841455,-0.037334027,0.014536779,-0.007210294,-0.001946998,0.022910912,-0.015507747,-0.008444689,0.026918971,-0.015479814,-0.004921015,0.002062634,0.023985524,0.030114146,-0.015982343,-0.004333626,-0.013422778,-0.012913449,0.008812145,0.008833225,0.112139805,-0.087297273,8.22E-05,0.099480281,0.049619165,-0.052078276,0.009649268,0.129061136,0.056772878,0.008896923
7/18/2015 3:00,0.016943241,-0.039956055,0.035508875,-0.03004652,-0.095253216,-0.032948654,-0.044106755,-0.042116082,-0.038543956,-0.026997226,-0.015106784,-0.053130084,0.019494457,-0.007758786,-0.006803794,0.025581878,-0.026169065,-0.008646715,0.050255514,-0.039243284,-0.005558365,0.003671834,0.038516335,0.04034102,-0.025044469,-0.005542015,-0.017089808,-0.016128723,0.018907823,0.008203244,0.11282496,-0.092385436,-0.001955365,0.094096968,0.061864679,-0.04571422,0.005177705,0.131872245,0.065361913,0.007941694
7/18/2015 4:00,0.030928243,-0.040913615,0.03080071,-0.030140594,-0.130364249,-0.030991891,-0.071321565,-0.049553,-0.039319392,-0.048865748,-0.017401022,-0.062232769,0.026721063,-0.006228644,-0.010946092,0.030267115,-0.030834774,-0.009715148,0.072791412,-0.047404904,-0.005031007,0.003290652,0.049144108,0.048469464,-0.028892448,-0.002008194,-0.018689117,-0.02060169,0.021366329,0.009279342,0.113640353,-0.086813357,-0.000477586,0.063308225,0.052477564,0.028087143,0.011522072,-0.00867479,-0.002933918,-0.164767508
7/18/2015 5:00,0.042138952,-0.043514112,0.02892907,-0.035213868,-0.158057605,-0.042244394,-0.088485081,-0.053949386,-0.058577609,-0.052144,-0.021097596,-0.076222248,0.031468336,-0.001951185,-0.005072711,0.03514588,-0.040376393,-0.015373526,0.106399336,-0.052930762,-0.004968979,0.002989654,0.063893429,0.056861916,-0.036848852,-0.005427804,-0.026226726,-0.022697757,0.02915685,0.012772057,0.114501525,-0.090691036,-0.003854506,0.059765762,0.061893423,0.035100135,0.007896652,-0.006897526,-0.004178243,-0.163824682
7/18/2015 6:00,0.04723173,-0.062621838,0.044707973,-0.045054518,-0.180332372,-0.049847739,-0.113715114,-0.050611845,-0.042729258,-0.051008717,-0.022954519,-0.088516337,0.031289737,0.006619506,0.000303118,0.043199755,-0.048105966,-0.011243756,0.123579131,-0.063748366,-0.004194055,0.005292949,0.07227437,0.061004614,-0.047034371,-0.008281044,-0.035523216,-0.026689666,0.035596221,0.011971078,0.115105087,-0.093684252,-0.003114026,0.058792171,0.069973263,0.045039491,0.006550864,-0.005519346,-0.0048825,-0.160074099
7/18/2015 7:00,0.066486552,-0.049566173,0.025783244,-0.031422982,-0.198253096,-0.069161315,-0.127360916,-0.038103565,-0.064624849,-0.026738163,-0.02496063,-0.096290899,0.038010675,0.014296719,0.011098838,0.040059258,-0.05174511,-0.024965297,0.161021391,-0.0618218,-0.003812668,0.004130958,0.080136457,0.065630726,-0.050823143,-0.012730267,-0.039584622,-0.034998275,0.039522455,0.011778948,0.115554588,-0.095077432,-0.004951185,0.059841762,0.079151747,0.048368192,0.008179921,-0.00986558,-0.002746331,-0.164566806
7/18/2015 8:00,0.083425007,-0.040322555,0.009087682,0.004801827,-0.164618142,-0.015229249,-0.147452838,-0.054575991,-0.105880119,0.049116519,-0.022193534,-0.116850382,0.038537392,0.017851189,0.018350648,0.02036832,-0.033693536,-0.069996664,0.203572537,-0.029014831,-0.001558417,0.010358019,0.081985201,0.081731172,-0.063241702,-0.022270689,-0.020896142,-0.057043673,0.046201507,-0.001289489,0.11550372,-0.092806752,-0.003970584,0.0470252,0.094495401,0.057974618,0.023849171,-0.016206288,0.020957417,-0.15491345
7/18/2015 9:00,0.095922248,-0.046489015,-0.009940273,-0.003594956,-0.135367686,0.009072027,-0.142615707,-0.038179152,-0.121996345,0.076374566,-0.006686627,-0.126726539,0.026150635,0.01283452,0.016023183,0.006734024,-0.001714498,-0.05709523,0.215553133,-0.009645611,0.011281308,0.021827101,0.073235022,0.092770039,-0.068854494,-0.025952514,-0.012393778,-0.052742657,0.035939237,-0.031516568,0.11628606,-0.080046985,0.00892018,0.030576965,0.097597507,0.068160953,0.02751962,-0.004750279,0.03023867,-0.138444807
7/18/2015 10:00,0.119825407,-0.031402795,-0.020162473,-0.022196272,-0.133096471,0.051625289,-0.096039582,-0.028524567,-0.183178439,0.076236175,0.02111101,-0.143702984,0.013212172,-0.005692118,-0.005331581,-0.000202082,0.054667636,-0.05350223,0.218900565,0.011665529,0.033848195,0.03732505,0.056059131,0.12025767,-0.076214294,-0.02151212,-0.002141159,-0.061135217,0.022439238,-0.090548714,0.117589109,-0.056826377,0.031029972,0.009231436,0.110618687,0.086827357,0.021728568,-0.000922656,0.067108207,-0.118035553
7/18/2015 11:00,0.137045338,-0.039003763,-0.049085992,-0.057389638,-0.126674198,0.096676339,-0.018763639,-0.047623432,-0.249206766,0.060852925,0.059270927,-0.154491518,-0.006495827,-0.036873961,-0.021257356,0.010855188,0.152970587,-0.035384801,0.186343005,0.031803156,0.06273034,0.055806796,0.021062225,0.149778456,-0.076219438,-0.020949844,0.010663819,-0.071569481,-0.01026592,-0.172840803,0.11872527,-0.023778132,0.061319395,-0.013657443,0.12260486,0.104342033,0.01521545,0.006875033,0.104497756,-0.096410883
7/18/2015 12:00,0.143086997,-0.046588383,-0.064194151,-0.045924034,-0.181980843,0.132744975,0.024837743,-0.090179216,-0.203992208,-0.015827746,0.098645268,-0.157384803,-0.042874855,-0.068712132,-0.02264286,0.055527862,0.230407635,-0.036417211,0.099272861,0.003857787,0.092604208,0.081990375,-0.019953063,0.174261562,-0.070027938,-0.019779802,0.005643427,-0.092954796,-0.025157151,-0.205242418,0.119808924,0.009079591,0.098561634,-0.033812091,0.135714839,0.129374769,0.009016024,-0.018729081,0.110721669,-0.070892417
7/18/2015 13:00,0.14011082,-0.050604121,-0.092149328,-0.039028133,-0.214659911,0.155321893,0.041654283,-0.136060575,-0.096802034,-0.045123813,0.134281676,-0.146831164,-0.091070427,-0.098781144,-0.016916692,0.122379783,0.26104185,-0.045931019,0.026760333,-0.030789595,0.119718884,0.113767331,-0.060454928,0.185341697,-0.05451783,-0.016419136,-0.01194054,-0.120649065,-0.020120099,-0.196350086,0.120609723,0.036695296,0.139331441,-0.048172401,0.143997472,0.141605649,0.003100066,-0.058245625,0.094365164,-0.034960445
7/18/2015 14:00,0.136963874,0.013025804,-0.064253434,-0.016694396,-0.232808507,0.142969414,-0.024850593,-0.138927213,-0.034642896,-0.039585199,0.16729439,-0.107088143,-0.160044111,-0.157909189,-0.015471929,0.144617773,0.189481847,-0.11496562,-0.011044732,-0.077792159,0.146688021,0.162971167,-0.085895822,0.180165445,-0.006369356,-0.01483269,-0.014120117,-0.14164187,0.027651643,-0.09201182,0.121548745,0.059785792,0.186277403,-0.077872351,0.146325326,0.109015777,0.008029941,-0.116556713,0.041041846,0.023921527
7/18/2015 15:00,0.127115165,0.059485368,-0.049121085,0.022278266,-0.216819757,0.098026059,-0.092527102,-0.115898793,0.011400487,-0.033791235,0.185135401,-0.041665545,-0.212943376,-0.201119595,-0.004805797,0.15301088,0.077503671,-0.198910264,-0.015726667,-0.073685485,0.165298389,0.199401284,-0.088549269,0.149584497,0.057431483,-0.010161087,-0.02032931,-0.168014598,0.065022191,0.038025271,0.123076633,0.070745269,0.221772231,-0.08975837,0.138826225,0.049079165,0.015756531,-0.18362723,-0.023513387,0.060659199
7/18/2015 16:00,0.111992718,0.097382181,-0.010637758,0.075185448,-0.19890934,0.05755269,-0.15083231,-0.070240223,-0.00890991,-0.010594915,0.184138896,0.006361055,-0.230228099,-0.210280666,-0.018642412,0.146399414,-0.018855282,-0.227680809,-0.01432839,-0.055118327,0.168941052,0.215308162,-0.076443237,0.120750219,0.100997492,0.006492138,-0.029203459,-0.174698933,0.094593404,0.112989696,0.123909733,0.067171572,0.236096967,-0.08740984,0.128228564,-0.000689225,0.010003932,-0.221223698,-0.055615467,0.078169194
7/18/2015 17:00,0.094103633,0.114071164,-0.004800183,0.107970669,-0.144561459,0.040526454,-0.168568112,-0.053284877,-0.046044294,-0.007384683,0.163979091,0.040318212,-0.21217718,-0.188855771,-0.019018216,0.094114062,-0.075085413,-0.223675521,-0.02639083,0.008690163,0.158102112,0.211275861,-0.046933509,0.089493342,0.12508279,0.018331513,-0.027498235,-0.183302929,0.080070204,0.135871947,0.124245984,0.048877067,0.229688142,-0.069855322,0.120296457,-0.043582432,0.013503005,-0.230982668,-0.04870862,0.068207823
7/18/2015 18:00,0.070998562,0.109708271,0.00061406,0.10605387,-0.107333114,-0.001781267,-0.154650161,-0.029320079,-0.091007042,0.015774044,0.129639391,0.058455725,-0.162731871,-0.161835918,-0.018008879,0.063136317,-0.092261455,-0.193826999,0.006751853,0.088945661,0.136284939,0.186096528,-0.004834259,0.066390624,0.139266816,0.021709784,-0.02870688,-0.183538757,0.067971337,0.09444979,0.124335344,0.022074955,0.20190531,-0.045465429,0.118365103,-0.079057416,0.010042507,-0.218991461,-0.03569708,0.018612409
7/18/2015 19:00,0.047030124,0.083594799,-0.006338676,0.092020222,-0.063103531,-0.01698269,-0.091549979,-0.001386056,-0.089899071,0.029536694,0.087478921,0.050944568,-0.105618721,-0.109842434,-0.017219437,0.033633598,-0.058713744,-0.133838536,0.014905697,0.125583042,0.107184998,0.152191532,0.039394291,0.053326609,0.125933887,0.026881922,-0.032781967,-0.175818332,0.039597745,0.02014126,0.123920998,-0.019883565,0.159946312,0.010123803,0.130670684,-0.159965589,-0.007770193,-0.044426371,0.079268731,0.151764625
7/18/2015 20:00,0.025150893,0.063593328,0.002182043,0.037053581,-0.048468873,0.009349746,-0.077667235,-0.014321564,-0.06917489,0.016859786,0.049159142,0.040822447,-0.059178549,-0.07377173,-0.011601176,0.010981884,-0.019807235,-0.075207489,-0.009793961,0.097459952,0.081773267,0.125709358,0.082848189,0.046376079,0.114159794,0.027281291,-0.03050504,-0.167767808,0.024126541,-0.040284445,0.124064307,-0.050906454,0.125672809,0.026733485,0.130941393,-0.163363542,-0.00992141,-0.018777104,0.105275651,0.1201048
7/18/2015 21:00,0.010572485,0.033126501,0.001104084,0.019638291,-0.024119633,-0.000723055,-0.033674713,-0.013316383,-0.027812303,0.041032292,0.02516914,0.025969693,-0.035336892,-0.040070602,-0.005516,0.007367453,-0.008072836,-0.036303483,-0.01841776,0.052276509,0.065929688,0.110540346,0.108787265,0.043501503,0.097437193,0.027035861,-0.037729652,-0.159964444,0.024250048,-0.057863387,0.124209085,-0.070932193,0.104428293,0.036647173,0.131530225,-0.154369386,-0.011509374,-0.004853433,0.110996091,0.111325575
7/18/2015 22:00,0.004148369,0.016779371,-0.001201417,-0.004564095,-0.012771488,0.003917919,-0.020751522,-0.014063295,-0.018504726,0.01289627,0.009436045,0.012867175,-0.013829261,-0.020046271,-0.003591358,-0.00056735,-0.004209734,-0.013505236,-0.005045587,0.020597972,0.05552338,0.099927548,0.127184752,0.04496088,0.085887779,0.026283212,-0.03560783,-0.151073042,0.02663766,-0.065770436,0.124287322,-0.083798594,0.089409468,0.039438686,0.132972032,-0.14887798,-0.012694864,0.007027034,0.118202125,0.090600934
7/18/2015 23:00,0,0,0,0,0,0,0,0,0,0,0,0,0,0,0,0,0,0,0,0,0.049725869,0.092844148,0.138451554,0.048861837,0.074539687,0.02701912,-0.039019305,-0.150322542,0.028739024,-0.066739696,0.124458043,-0.091284871,0.079921079,0.042493189,0.135807952,-0.139823305,-0.014631348,0.01114079,0.124359703,0.089603284