sensor_id,project_id,logger_id,Negative_Days,Days_Above_9900,Days_Above_9500,Setup_days,Flat_days,Cnt_Days_10X,Cnt_Days_20X,Cnt_Days_30X,Class1,Leave
12884,3034,12884,0,0,0,4,13,90,0,17,A,NULL
12890,3037,12890,0,0,0,4,15,88,0,19,A,NULL
13343,3038,13343,0,8,10,11,0,73,0,34,A,NULL
13355,3039,13355,0,7,9,8,0,78,0,29,A,NULL
13580,3040,13580,1,0,15,2,1,53,0,54,A,NULL
17221,3221,17221,0,0,0,1,0,53,0,54,A,NULL
17222,3221,17221,0,0,0,1,0,57,0,50,A,NULL
19767,3116,19767,2,0,0,3,0,86,0,21,A,NULL
19768,3116,19767,2,0,0,12,0,74,0,33,A,NULL
19769,3116,19767,1,0,0,7,0,81,0,26,A,NULL
19794,3059,19794,0,0,0,1,0,93,1,13,A,NULL
19795,3059,19794,0,6,7,2,0,89,0,18,A,NULL
19796,3059,19794,0,0,0,2,0,93,1,13,A,NULL
19857,3054,19857,8,0,0,7,6,85,0,22,A,NULL
19858,3054,19857,7,0,0,3,6,88,0,19,A,NULL
19859,3054,19857,8,0,0,4,6,85,0,22,A,NULL
19860,3053,19860,7,0,0,5,7,89,0,18,A,NULL
19861,3053,19860,9,0,0,2,7,92,0,15,A,NULL
19862,3053,19860,7,0,0,5,6,89,0,18,A,NULL
19866,3048,19866,0,0,0,3,0,101,0,6,A,NULL
19867,3048,19866,0,0,0,2,0,102,0,5,A,NULL
19868,3048,19866,0,0,0,2,0,102,0,5,A,NULL
19869,3058,19869,0,0,0,6,0,86,0,21,A,NULL
19870,3058,19869,0,0,0,1,0,95,0,12,A,NULL
19871,3058,19869,0,0,0,1,0,93,0,14,A,NULL
20330,3049,20330,0,0,0,10,0,86,0,21,A,NULL
20331,3049,20330,0,0,0,2,0,94,0,13,A,NULL
20332,3049,20330,0,0,1,6,0,90,0,17,A,NULL
20339,3047,20339,0,0,0,0,0,104,0,3,A,NULL
20340,3047,20339,0,0,0,1,0,103,0,4,A,NULL
20341,3047,20339,0,0,0,1,0,103,0,4,A,NULL
23172,3015,23167,15,0,0,6,46,11,1,95,C,NULL
23178,3043,23173,6,0,0,1,0,37,2,68,B,NULL
23499,3019,23496,7,0,0,8,5,81,0,26,A,NULL
23501,3019,23496,4,0,0,2,1,91,0,16,A,NULL
23505,3020,23502,0,0,0,13,0,82,0,25,A,NULL
23507,3020,23502,0,0,0,6,0,87,1,19,A,NULL
23578,2816,23573,53,0,0,3,16,35,0,72,B,NULL
23584,2819,23579,53,0,0,2,51,36,0,71,B,NULL
23590,2937,23585,0,0,0,1,18,33,0,74,B,NULL
23608,2813,23603,25,0,0,5,0,35,0,72,B,NULL
23614,3001,23609,25,0,0,2,0,15,0,92,C,NULL
23620,2804,23615,0,0,0,7,34,30,0,77,B,NULL
23756,3071,23751,13,0,0,7,12,21,0,86,B,NULL
23786,2915,23781,5,29,29,6,0,45,0,62,B,NULL
23926,2861,23921,21,0,0,3,23,16,0,91,C,NULL
23930,2942,23927,8,0,0,2,3,77,0,30,A,NULL
23932,2942,23927,0,0,31,1,49,30,0,77,B,NULL
24129,3205,24126,27,0,0,12,14,33,2,72,B,NULL
24131,3205,24126,44,0,0,8,0,16,0,91,C,NULL
24144,2827,24139,64,0,0,4,38,14,0,93,C,NULL
24150,3083,24145,57,0,0,1,17,29,0,78,B,NULL
24162,2830,24157,7,28,30,8,13,38,0,69,B,NULL
24218,3090,24216,1,0,0,1,2,37,1,69,B,NULL
24219,3090,24216,1,0,0,1,0,14,0,93,C,NULL
24226,2953,24221,43,47,51,9,6,9,0,98,C,NULL
24519,3252,24516,2,0,0,1,1,44,0,63,B,NULL
24520,3252,24516,2,0,0,1,0,46,0,61,B,NULL
24524,3259,24521,0,0,0,1,0,47,0,60,B,NULL
24525,3259,24521,0,0,0,0,0,48,0,59,B,NULL
24526,3035,24526,3,0,0,4,3,94,0,13,A,NULL
24529,3036,24529,0,0,2,5,3,88,0,19,A,NULL
24570,2804,24568,0,0,0,6,0,90,0,17,A,NULL
24571,2804,24568,11,0,0,5,0,81,0,26,A,NULL
24573,2804,24568,1,0,0,9,0,84,1,22,A,NULL
24576,2805,24574,0,0,0,1,0,94,0,13,A,NULL
24577,2805,24574,0,0,0,2,0,93,0,14,A,NULL
24579,2805,24574,0,0,0,2,0,93,0,14,A,NULL
24582,2889,24580,2,0,0,2,0,74,0,33,A,NULL
24583,2889,24580,0,0,0,0,0,78,0,29,A,NULL
24585,2889,24580,0,0,0,0,0,77,0,30,A,NULL
24588,2801,24586,0,0,0,8,0,80,0,27,A,NULL
24589,2801,24586,0,0,0,2,0,87,0,20,A,NULL
24591,2801,24586,0,0,0,0,0,89,0,18,A,NULL
24594,2802,24592,0,0,0,5,0,84,0,23,A,NULL
24595,2802,24592,0,0,0,8,0,81,0,26,A,NULL
24597,2802,24592,0,0,3,9,0,80,0,27,A,NULL
24600,2877,24598,1,0,0,3,0,53,1,53,A,NULL
24601,2877,24598,0,0,0,4,0,54,1,52,A,NULL
24603,2877,24598,0,0,0,1,0,55,1,51,A,NULL
24606,2803,24604,7,3,3,17,1,77,0,30,A,NULL
24607,2803,24604,1,7,7,16,0,74,0,33,A,NULL
24609,2803,24604,4,0,0,9,0,85,0,22,A,NULL
24751,3041,24749,2,0,0,6,0,69,0,38,A,NULL
24809,3082,24804,9,0,0,5,7,59,1,47,A,NULL
24837,2822,24834,0,0,0,1,1,47,0,60,B,NULL
24839,2822,24834,0,0,0,3,0,87,0,20,A,NULL
24843,2821,24840,0,0,0,1,0,90,0,17,A,NULL
24845,2821,24840,0,0,0,1,0,90,0,17,A,NULL
24849,2820,24846,0,0,0,2,0,88,0,19,A,NULL
24851,2820,24846,2,0,0,2,0,87,0,20,A,NULL
24855,2819,24852,0,0,0,1,0,63,1,43,A,NULL
24857,2819,24852,0,0,0,2,0,62,1,44,A,NULL
24922,2790,24919,5,0,0,9,0,70,1,36,A,NULL
24924,2790,24919,5,0,0,2,0,78,0,29,A,NULL
24928,2993,24925,6,0,0,2,0,74,0,33,A,NULL
24930,2993,24925,6,0,0,5,0,73,0,34,A,NULL
24934,2994,24931,5,0,0,4,0,87,0,20,A,NULL
24936,2994,24931,1,0,0,4,4,87,0,20,A,NULL
24940,2791,24937,5,0,0,8,0,72,0,35,A,NULL
24942,2791,24937,0,0,0,12,2,68,0,39,A,NULL
24946,2992,24943,5,0,0,5,0,87,0,20,A,NULL
24948,2992,24943,3,0,0,26,1,66,0,41,A,NULL
24952,2815,24949,10,0,0,13,8,69,0,38,A,NULL
24954,2815,24949,0,0,0,8,0,80,0,27,A,NULL
24958,2936,24955,0,0,0,15,0,72,0,35,A,NULL
24960,2936,24955,17,0,0,10,16,60,0,47,A,NULL
24964,2937,24961,0,0,0,0,1,53,1,53,A,NULL
24966,2937,24961,0,0,0,0,1,55,0,52,A,NULL
24970,2938,24967,1,0,0,4,0,83,0,24,A,NULL
24972,2938,24967,0,0,6,4,0,82,0,25,A,NULL
24976,2939,24973,2,4,8,4,0,79,0,28,A,NULL
24978,2939,24973,0,0,0,3,0,84,0,23,A,NULL
24982,2940,24979,0,1,5,8,0,79,0,28,A,NULL
24984,2940,24979,0,0,0,5,0,81,2,24,A,NULL
24988,2941,24985,0,0,0,1,0,85,0,22,A,NULL
24990,2941,24985,0,0,0,2,0,85,0,22,A,NULL
24994,2942,24991,0,0,0,2,0,86,0,21,A,NULL
24996,2942,24991,0,0,0,1,0,86,0,21,A,NULL
25000,2943,24997,0,0,0,0,0,85,0,22,A,NULL
25002,2943,24997,0,0,0,9,0,76,1,30,A,NULL
25006,2944,25003,0,0,0,1,0,85,1,21,A,NULL
25008,2944,25003,0,0,0,3,0,83,0,24,A,NULL
25012,2945,25009,0,0,0,1,0,85,0,22,A,NULL
25014,2945,25009,0,0,0,1,0,87,0,20,A,NULL
25018,2823,25015,16,0,0,2,4,62,0,45,A,NULL
25020,2823,25015,5,1,1,2,5,72,0,35,A,NULL
25024,3021,25021,1,0,0,3,0,91,0,16,A,NULL
25026,3021,25021,0,8,8,4,0,85,0,22,A,NULL
25036,2825,25033,1,0,0,1,0,80,0,27,A,NULL
25038,2825,25033,0,0,0,1,0,79,1,27,A,NULL
25042,3384,25039,21,0,0,7,7,56,0,51,A,NULL
25044,3384,25039,5,0,0,12,1,58,0,49,A,NULL
25048,2827,25045,3,0,0,1,1,50,1,56,A,NULL
25050,2827,25045,3,0,0,1,2,50,1,56,A,NULL
25054,2814,25051,0,0,0,0,0,89,0,18,A,NULL
25056,2814,25051,0,0,0,15,0,74,0,33,A,NULL
25060,2813,25057,0,0,0,1,0,71,0,36,A,NULL
25062,2813,25057,0,0,0,2,0,70,0,37,A,NULL
25066,2812,25063,4,0,0,3,2,85,1,21,A,NULL
25068,2812,25063,0,0,0,1,0,90,0,17,A,NULL
25072,2811,25069,0,33,34,49,0,39,1,67,B,NULL
25074,2811,25069,0,0,0,10,0,78,0,29,A,NULL
25083,2879,25081,0,0,0,1,0,105,0,2,A,NULL
25084,2879,25081,0,0,0,1,0,105,0,2,A,NULL
25086,2879,25081,8,0,0,2,6,89,0,18,A,NULL
25089,2878,25087,0,0,0,2,0,101,1,5,A,NULL
25090,2878,25087,0,0,0,1,0,103,1,3,A,NULL
25092,2878,25087,1,1,1,2,0,103,1,3,A,NULL
25095,2885,25093,0,2,4,2,0,94,0,13,A,NULL
25096,2885,25093,0,0,0,5,0,92,0,15,A,NULL
25098,2885,25093,0,0,2,3,0,95,0,12,A,NULL
25101,2884,25099,1,0,0,3,0,95,0,12,A,NULL
25102,2884,25099,1,0,0,3,0,95,0,12,A,NULL
25104,2884,25099,1,0,0,2,0,95,0,12,A,NULL
25107,2883,25105,0,0,2,6,0,91,1,15,A,NULL
25108,2883,25105,0,5,8,4,0,88,1,18,A,NULL
25110,2883,25105,0,4,7,6,2,87,1,19,A,NULL
25113,2882,25111,0,10,11,4,0,84,0,23,A,NULL
25114,2882,25111,0,5,6,4,0,90,0,17,A,NULL
25116,2882,25111,0,3,4,3,0,93,0,14,A,NULL
25119,2875,25117,0,0,0,1,0,95,0,12,A,NULL
25120,2875,25117,0,10,12,1,0,86,0,21,A,NULL
25122,2875,25117,0,0,0,6,0,89,0,18,A,NULL
25125,2876,25123,0,0,0,1,0,104,0,3,A,NULL
25126,2876,25123,1,0,0,1,0,104,0,3,A,NULL
25128,2876,25123,4,0,0,2,0,101,0,6,A,NULL
25131,2874,25129,0,11,14,2,0,85,0,22,A,NULL
25132,2874,25129,0,0,0,3,0,94,0,13,A,NULL
25134,2874,25129,0,0,0,2,0,93,2,12,A,NULL
25137,2873,25135,0,11,13,5,0,81,1,25,A,NULL
25138,2873,25135,3,0,0,3,0,89,0,18,A,NULL
25140,2873,25135,0,0,0,7,0,90,0,17,A,NULL
25158,2881,25156,0,0,0,2,0,77,2,28,A,NULL
25159,2881,25156,0,0,0,1,0,79,1,27,A,NULL
25161,2881,25156,0,6,8,1,0,74,1,32,A,NULL
25164,2880,25162,16,0,0,14,2,76,0,31,A,NULL
25165,2880,25162,1,0,0,4,0,91,0,16,A,NULL
25167,2880,25162,1,0,0,2,0,94,0,13,A,NULL
25170,2841,25168,0,0,0,0,0,89,0,18,A,NULL
25171,2841,25168,0,0,0,0,0,88,1,18,A,NULL
25173,2841,25168,0,0,0,0,0,88,1,18,A,NULL
25176,2838,25174,0,0,0,1,0,103,0,4,A,NULL
25177,2838,25174,0,0,0,1,0,103,0,4,A,NULL
25179,2838,25174,0,0,0,1,0,103,0,4,A,NULL
25182,2842,25180,1,0,0,1,0,93,0,14,A,NULL
25183,2842,25180,0,8,10,1,0,88,0,19,A,NULL
25185,2842,25180,0,3,6,1,0,87,0,20,A,NULL
25188,2908,25186,0,0,0,1,0,90,1,16,A,NULL
25189,2908,25186,0,0,0,1,0,92,2,13,A,NULL
25191,2908,25186,0,0,0,2,0,92,2,13,A,NULL
25194,2837,25192,0,0,0,3,0,81,0,26,A,NULL
25195,2837,25192,3,0,0,2,0,100,0,7,A,NULL
25197,2837,25192,0,0,0,2,0,102,0,5,A,NULL
25200,2846,25198,0,0,0,1,0,104,1,2,A,NULL
25201,2846,25198,0,1,3,2,0,102,1,4,A,NULL
25203,2846,25198,0,8,9,1,0,98,0,9,A,NULL
25206,2847,25204,0,0,8,2,0,93,0,14,A,NULL
25207,2847,25204,0,0,0,1,0,95,0,12,A,NULL
25209,2847,25204,0,9,11,7,1,81,0,26,A,NULL
25212,2840,25210,0,0,0,1,0,99,1,7,A,NULL
25213,2840,25210,0,6,7,1,0,95,1,11,A,NULL
25215,2840,25210,0,0,0,2,0,100,1,6,A,NULL
25218,2836,25216,0,0,0,1,0,102,0,5,A,NULL
25219,2836,25216,0,0,0,1,0,102,1,4,A,NULL
25221,2836,25216,0,0,0,2,0,95,2,10,A,NULL
25224,2845,25222,0,0,0,0,0,83,0,24,A,NULL
25225,2845,25222,0,0,0,0,0,83,0,24,A,NULL
25227,2845,25222,0,0,0,0,0,83,0,24,A,NULL
25230,2844,25228,0,0,0,1,0,102,0,5,A,NULL
25231,2844,25228,0,0,0,1,0,102,0,5,A,NULL
25233,2844,25228,0,0,0,1,0,102,0,5,A,NULL
25236,2839,25234,0,0,0,2,0,81,0,26,A,NULL
25237,2839,25234,0,0,0,0,0,82,0,25,A,NULL
25239,2839,25234,0,0,0,1,0,82,0,25,A,NULL
25242,2904,25240,19,11,14,7,0,62,0,45,A,NULL
25243,2904,25240,33,0,0,8,25,56,0,51,A,NULL
25245,2904,25240,30,3,4,27,16,47,0,60,B,NULL
25248,2907,25246,0,0,0,0,0,96,0,11,A,NULL
25249,2907,25246,0,0,0,1,0,94,0,13,A,NULL
25251,2907,25246,0,0,0,1,0,94,0,13,A,NULL
25254,2906,25252,0,0,0,2,0,93,0,14,A,NULL
25255,2906,25252,0,0,0,2,0,92,0,15,A,NULL
25257,2906,25252,0,0,0,1,0,93,0,14,A,NULL
25260,2905,25258,0,0,2,2,0,103,0,4,A,NULL
25261,2905,25258,0,12,16,3,0,68,0,39,A,NULL
25263,2905,25258,0,7,12,11,0,87,0,20,A,NULL
25266,2904,25264,0,0,0,5,0,91,0,16,A,NULL
25267,2904,25264,0,0,0,1,0,95,0,12,A,NULL
25269,2904,25264,0,0,0,4,0,89,1,17,A,NULL
25272,2903,25270,0,0,0,4,0,100,0,7,A,NULL
25273,2903,25270,0,0,0,1,0,103,1,3,A,NULL
25275,2903,25270,0,6,10,4,0,92,1,14,A,NULL
25278,2902,25276,0,0,0,3,0,77,1,29,A,NULL
25279,2902,25276,16,0,0,2,14,70,1,36,A,NULL
25281,2902,25276,0,0,0,2,0,86,0,21,A,NULL
25284,2901,25282,0,0,0,1,0,94,0,13,A,NULL
25285,2901,25282,0,0,0,3,0,93,0,14,A,NULL
25287,2901,25282,0,0,0,2,0,93,0,14,A,NULL
25290,2900,25288,0,0,0,7,0,88,0,19,A,NULL
25291,2900,25288,0,0,0,3,0,93,0,14,A,NULL
25293,2900,25288,0,0,0,0,0,94,0,13,A,NULL
25296,2899,25294,0,0,1,3,0,93,0,14,A,NULL
25297,2899,25294,12,6,8,2,11,78,0,29,A,NULL
25299,2899,25294,29,0,0,11,6,70,0,37,A,NULL
25302,2898,25300,0,0,0,0,0,96,0,11,A,NULL
25303,2898,25300,1,0,0,0,0,95,0,12,A,NULL
25305,2898,25300,0,0,0,0,0,96,0,11,A,NULL
25308,2897,25306,0,0,0,0,0,95,1,11,A,NULL
25309,2897,25306,0,0,0,0,0,96,0,11,A,NULL
25311,2897,25306,0,0,0,0,0,96,0,11,A,NULL
25314,2797,25312,0,0,0,1,0,103,1,3,A,NULL
25315,2797,25312,0,0,0,1,0,103,1,3,A,NULL
25317,2797,25312,0,0,0,2,0,102,1,4,A,NULL
25320,2798,25318,3,0,0,4,0,99,0,8,A,NULL
25321,2798,25318,6,0,0,3,2,98,0,9,A,NULL
25323,2798,25318,0,0,0,1,0,103,0,4,A,NULL
25332,2799,25330,14,0,0,3,0,81,1,25,A,NULL
25333,2799,25330,14,0,0,5,9,78,3,26,A,NULL
25335,2799,25330,13,0,0,6,0,78,0,29,A,NULL
25338,2800,25336,23,0,0,6,19,71,0,36,A,NULL
25339,2800,25336,9,0,0,2,6,84,0,23,A,NULL
25341,2800,25336,1,0,0,4,0,88,0,19,A,NULL
25344,2855,25342,0,2,4,1,0,98,1,8,A,NULL
25345,2855,25342,0,3,5,1,0,96,2,9,A,NULL
25347,2855,25342,0,0,0,2,0,97,2,8,A,NULL
25350,2854,25348,0,0,0,1,0,72,0,35,A,NULL
25351,2854,25348,0,0,0,2,0,71,0,36,A,NULL
25353,2854,25348,0,0,0,2,1,69,0,38,A,NULL
25356,2946,25354,4,0,0,1,1,80,0,27,A,NULL
25357,2946,25354,4,0,0,1,0,80,0,27,A,NULL
25359,2946,25354,4,0,0,1,1,80,0,27,A,NULL
25362,2772,25360,0,50,56,0,0,45,0,62,B,NULL
25363,2772,25360,0,0,0,0,0,94,0,13,A,NULL
25365,2772,25360,0,0,0,1,0,93,0,14,A,NULL
25368,2922,25366,2,0,0,4,0,93,1,13,A,NULL
25369,2922,25366,33,0,0,10,25,61,0,46,A,NULL
25371,2922,25366,2,0,0,9,0,89,0,18,A,NULL
25374,2856,25372,0,0,0,1,0,93,1,13,A,NULL
25375,2856,25372,0,0,2,1,0,94,0,13,A,NULL
25377,2856,25372,0,0,0,1,0,94,0,13,A,NULL
25380,2857,25378,2,0,0,1,0,101,0,6,A,NULL
25381,2857,25378,0,0,0,1,0,101,0,6,A,NULL
25383,2857,25378,0,0,0,2,1,99,0,8,A,NULL
25386,2859,25384,0,5,5,5,0,85,0,22,A,NULL
25387,2859,25384,0,0,0,1,0,93,1,13,A,NULL
25389,2859,25384,0,0,0,3,0,92,0,15,A,NULL
25392,2858,25390,6,0,0,1,0,88,0,19,A,NULL
25393,2858,25390,1,0,2,1,0,93,0,14,A,NULL
25395,2858,25390,3,0,0,2,2,90,0,17,A,NULL
25398,2861,25396,0,0,0,2,0,94,0,13,A,NULL
25399,2861,25396,0,0,0,2,0,94,0,13,A,NULL
25401,2861,25396,0,0,0,3,0,92,0,15,A,NULL
25404,2931,25402,4,4,5,3,0,88,0,19,A,NULL
25405,2931,25402,0,6,7,1,0,90,0,17,A,NULL
25407,2931,25402,13,8,8,3,0,74,0,33,A,NULL
25410,2848,25408,5,0,0,3,3,95,0,12,A,NULL
25411,2848,25408,31,1,1,5,28,73,0,34,A,NULL
25413,2848,25408,23,0,0,8,5,79,0,28,A,NULL
25416,2793,25414,6,0,0,5,1,89,0,18,A,NULL
25417,2793,25414,5,0,0,4,2,86,0,21,A,NULL
25419,2793,25414,9,0,0,6,5,84,0,23,A,NULL
25422,2930,25420,0,0,0,7,0,81,0,26,A,NULL
25423,2930,25420,0,0,0,13,0,75,0,32,A,NULL
25425,2930,25420,0,0,0,3,0,85,0,22,A,NULL
25428,2860,25426,0,7,8,5,0,93,1,13,A,NULL
25429,2860,25426,0,0,0,3,0,77,1,29,A,NULL
25431,2860,25426,0,0,0,5,0,89,1,17,A,NULL
25434,2795,25432,0,0,0,0,0,95,1,11,A,NULL
25435,2795,25432,0,0,0,7,0,90,0,17,A,NULL
25437,2795,25432,0,0,0,1,0,93,2,12,A,NULL
25440,2796,25438,2,0,0,5,0,91,1,15,A,NULL
25441,2796,25438,37,0,0,7,27,59,0,48,A,NULL
25443,2796,25438,0,0,0,5,0,92,1,14,A,NULL
25446,2794,25444,0,0,0,10,0,86,1,20,A,NULL
25447,2794,25444,0,0,1,13,0,83,0,24,A,NULL
25449,2794,25444,0,0,0,0,0,97,0,10,A,NULL
25452,2919,25450,4,0,0,10,0,73,0,34,A,NULL
25453,2919,25450,6,0,0,3,0,79,0,28,A,NULL
25455,2919,25450,4,6,7,3,0,75,2,30,A,NULL
25458,3117,25456,0,0,0,0,0,86,2,19,A,NULL
25459,3117,25456,0,0,0,3,0,83,1,23,A,NULL
25461,3117,25456,0,7,7,4,0,79,0,28,A,NULL
25466,2933,25464,0,0,0,11,0,90,0,17,A,NULL
25467,2933,25464,0,0,0,6,0,97,0,10,A,NULL
25469,2933,25464,0,0,0,8,0,95,0,12,A,NULL
25472,2932,25470,0,0,0,2,0,94,0,13,A,NULL
25473,2932,25470,0,0,2,1,0,94,0,13,A,NULL
25475,2932,25470,0,0,0,13,0,80,0,27,A,NULL
25478,2997,25476,0,0,0,3,0,90,1,16,A,NULL
25479,2997,25476,0,0,0,8,0,87,0,20,A,NULL
25481,2997,25476,0,0,0,1,0,92,0,15,A,NULL
25484,2996,25482,0,0,0,1,0,92,1,14,A,NULL
25485,2996,25482,0,0,0,6,0,86,0,21,A,NULL
25487,2996,25482,0,0,0,1,0,91,1,15,A,NULL
25490,3083,25488,2,0,0,5,0,90,0,17,A,NULL
25491,3083,25488,1,0,0,3,0,92,0,15,A,NULL
25493,3083,25488,0,0,0,4,0,91,0,16,A,NULL
25496,2832,25494,0,0,0,6,0,82,0,25,A,NULL
25497,2832,25494,0,0,0,13,0,75,0,32,A,NULL
25499,2832,25494,0,0,0,1,0,87,0,20,A,NULL
25502,3013,25500,3,0,0,9,0,90,0,17,A,NULL
25503,3013,25500,0,0,0,7,0,92,2,13,A,NULL
25505,3013,25500,0,0,0,1,0,97,2,8,A,NULL
25508,3012,25506,0,0,0,1,0,102,0,5,A,NULL
25509,3012,25506,0,0,0,1,0,68,2,37,A,NULL
25511,3012,25506,0,1,5,16,0,85,1,21,A,NULL
25514,3000,25512,5,0,0,5,0,93,1,13,A,NULL
25515,3000,25512,5,0,0,3,0,95,1,11,A,NULL
25517,3000,25512,0,0,0,5,6,92,0,15,A,NULL
25520,2998,25518,5,0,0,26,4,70,0,37,A,NULL
25521,2998,25518,5,0,0,34,0,63,1,43,A,NULL
25523,2998,25518,0,0,0,15,4,84,0,23,A,NULL
25527,2849,25524,0,0,0,0,0,105,0,2,A,NULL
25531,2850,25528,1,0,0,4,0,74,0,33,A,NULL
25535,2851,25532,1,0,0,14,0,54,0,53,A,NULL
25553,2979,25551,11,3,4,28,2,57,0,50,A,NULL
25556,2978,25554,0,0,0,0,0,86,0,21,A,NULL
25559,2977,25557,0,0,0,0,0,98,0,9,A,NULL
25562,2976,25560,0,0,0,6,0,90,0,17,A,NULL
25716,3071,25713,0,0,0,3,2,66,2,39,A,NULL
25718,3071,25713,0,0,0,6,2,65,1,41,A,NULL
25722,2995,25719,22,0,0,8,7,70,0,37,A,NULL
25724,2995,25719,6,0,0,6,4,86,0,21,A,NULL
25727,2983,25725,0,0,0,0,0,98,0,9,A,NULL
25728,2983,25725,0,0,0,1,0,97,0,10,A,NULL
25730,2983,25725,0,0,0,0,0,97,0,10,A,NULL
25733,2982,25731,0,0,0,5,0,91,1,15,A,NULL
25734,2982,25731,0,11,13,13,0,74,0,33,A,NULL
25736,2982,25731,0,0,0,1,0,96,1,10,A,NULL
25739,2981,25737,0,0,0,2,0,93,0,14,A,NULL
25740,2981,25737,0,6,9,3,0,89,0,18,A,NULL
25742,2981,25737,0,15,17,2,0,78,0,29,A,NULL
25745,2980,25743,21,0,0,7,0,68,0,39,A,NULL
25746,2980,25743,0,0,0,13,0,82,1,24,A,NULL
25748,2980,25743,0,0,0,0,0,96,2,9,A,NULL
25751,3072,25749,0,0,0,5,0,90,0,17,A,NULL
25752,3072,25749,0,0,0,5,0,90,0,17,A,NULL
25754,3072,25749,0,2,6,3,0,91,0,16,A,NULL
25757,2975,25755,0,0,0,2,0,92,1,14,A,NULL
25758,2975,25755,0,0,0,2,0,92,0,15,A,NULL
25760,2975,25755,0,0,0,2,0,91,1,15,A,NULL
25763,2974,25761,0,0,0,11,0,84,0,23,A,NULL
25764,2974,25761,0,0,0,10,0,85,0,22,A,NULL
25766,2974,25761,0,0,0,2,0,93,0,14,A,NULL
25769,2973,25767,0,0,0,7,0,95,0,12,A,NULL
25770,2973,25767,0,0,0,1,0,100,0,7,A,NULL
25772,2973,25767,0,0,0,1,0,101,0,6,A,NULL
25775,2972,25773,0,0,0,1,0,100,0,7,A,NULL
25776,2972,25773,0,0,0,1,0,100,0,7,A,NULL
25778,2972,25773,0,0,0,1,0,100,0,7,A,NULL
25781,2971,25779,4,0,0,18,0,78,0,29,A,NULL
25782,2971,25779,4,0,0,13,0,84,0,23,A,NULL
25784,2971,25779,5,3,5,13,0,80,1,26,A,NULL
25787,2970,25785,0,0,0,18,0,84,0,23,A,NULL
25788,2970,25785,23,0,0,11,0,68,1,38,A,NULL
25790,2970,25785,1,0,2,21,0,78,1,28,A,NULL
25793,2969,25791,0,0,0,10,0,86,0,21,A,NULL
25794,2969,25791,0,0,0,1,0,96,0,11,A,NULL
25796,2969,25791,7,0,0,10,0,82,1,24,A,NULL
25799,2968,25797,0,0,0,1,0,87,0,20,A,NULL
25800,2968,25797,0,0,0,1,0,92,0,15,A,NULL
25802,2968,25797,0,0,4,2,0,92,0,15,A,NULL
25805,2967,25803,0,0,21,0,0,95,0,12,A,NULL
25806,2967,25803,0,62,70,0,0,35,0,72,B,NULL
25808,2967,25803,0,0,0,0,0,94,0,13,A,NULL
25811,2966,25809,0,0,0,2,0,58,0,49,A,NULL
25812,2966,25809,0,0,0,3,0,62,0,45,A,NULL
25814,2966,25809,0,0,13,3,0,61,0,46,A,NULL
25817,2965,25815,0,0,0,0,0,86,2,19,A,NULL
25818,2965,25815,1,0,0,0,0,86,1,20,A,NULL
25820,2965,25815,0,0,0,0,0,88,0,19,A,NULL
25823,2914,25821,85,0,0,1,84,10,0,97,C,NULL
25824,2914,25821,1,12,13,5,0,68,1,38,A,NULL
25826,2914,25821,1,0,0,5,0,88,0,19,A,NULL
25829,2985,25827,1,0,0,8,0,94,1,12,A,NULL
25830,2985,25827,1,0,0,3,0,84,1,22,A,NULL
25832,2985,25827,1,0,0,13,0,89,1,17,A,NULL
25855,2912,25853,0,0,5,1,0,86,1,20,A,NULL
25856,2912,25853,0,9,12,3,0,78,1,28,A,NULL
25858,2912,25853,0,0,0,0,0,90,0,17,A,NULL
25861,2915,25859,2,1,1,9,0,92,0,15,A,NULL
25862,2915,25859,4,0,0,10,2,90,0,17,A,NULL
25864,2915,25859,2,0,0,7,0,94,0,13,A,NULL
25867,3073,25865,8,0,0,5,5,93,0,14,A,NULL
25868,3073,25865,1,0,4,3,0,101,0,6,A,NULL
25870,3073,25865,0,4,8,3,0,98,0,9,A,NULL
25885,2990,25883,0,0,0,2,0,92,0,15,A,NULL
25886,2990,25883,14,0,0,5,10,78,0,29,A,NULL
25888,2990,25883,5,0,0,6,3,85,1,21,A,NULL
25891,3046,25889,7,0,0,11,0,80,0,27,A,NULL
25892,3046,25889,15,0,0,8,0,75,0,32,A,NULL
25894,3046,25889,7,0,0,10,0,81,0,26,A,NULL
25897,3045,25895,10,0,0,7,0,67,0,40,A,NULL
25898,3045,25895,19,0,0,14,9,62,0,45,A,NULL
25900,3045,25895,14,0,0,8,11,63,0,44,A,NULL
25909,3044,25907,1,0,0,2,0,93,0,14,A,NULL
25910,3044,25907,1,0,0,3,0,92,0,15,A,NULL
25912,3044,25907,0,0,0,3,0,92,0,15,A,NULL
25915,3043,25913,8,0,0,3,7,63,0,44,A,NULL
25916,3043,25913,8,0,0,3,7,64,0,43,A,NULL
25918,3043,25913,5,0,0,6,1,66,0,41,A,NULL
25921,3018,25919,6,0,0,7,0,83,0,24,A,NULL
25922,3018,25919,1,0,0,9,0,84,0,23,A,NULL
25924,3018,25919,7,0,0,4,1,85,0,22,A,NULL
25927,3022,25925,8,0,0,5,0,70,1,36,A,NULL
25928,3022,25925,8,0,0,1,1,75,0,32,A,NULL
25930,3022,25925,8,0,0,1,0,74,1,32,A,NULL
25933,3017,25931,0,0,0,1,0,93,0,14,A,NULL
25934,3017,25931,0,0,0,2,0,92,0,15,A,NULL
25936,3017,25931,0,0,0,2,0,91,0,16,A,NULL
25939,3082,25937,1,0,0,6,0,82,0,25,A,NULL
25940,3082,25937,19,0,0,17,0,59,0,48,A,NULL
25942,3082,25937,2,0,0,5,0,83,0,24,A,NULL
25945,3029,25943,0,0,0,3,0,87,0,20,A,NULL
25946,3029,25943,1,0,0,4,0,85,0,22,A,NULL
25948,3029,25943,0,0,0,1,0,88,0,19,A,NULL
25951,3030,25949,0,0,0,23,0,65,0,42,A,NULL
25952,3030,25949,0,0,0,1,0,89,0,18,A,NULL
25954,3030,25949,0,0,0,1,0,89,0,18,A,NULL
25957,3031,25955,0,0,0,2,0,86,0,21,A,NULL
25958,3031,25955,0,0,0,1,0,89,0,18,A,NULL
25960,3031,25955,0,0,0,10,0,78,0,29,A,NULL
25963,3023,25961,12,0,0,5,5,71,0,36,A,NULL
25964,3023,25961,23,0,0,9,5,59,1,47,A,NULL
25966,3023,25961,6,0,0,9,3,73,0,34,A,NULL
25969,3024,25967,16,0,0,5,1,66,1,40,A,NULL
25970,3024,25967,8,0,0,2,7,74,0,33,A,NULL
25972,3024,25967,4,0,0,2,3,73,1,33,A,NULL
25975,3025,25973,8,0,0,1,0,81,0,26,A,NULL
25976,3025,25973,14,0,0,9,13,64,0,43,A,NULL
25978,3025,25973,0,0,0,6,7,75,0,32,A,NULL
25981,3026,25979,11,0,0,9,0,51,0,56,A,NULL
25982,3026,25979,8,0,0,2,6,71,2,34,A,NULL
25984,3026,25979,12,0,0,4,1,68,1,38,A,NULL
25987,3027,25985,19,0,0,14,13,61,0,46,A,NULL
25988,3027,25985,32,0,0,7,29,52,0,55,A,NULL
25990,3027,25985,19,0,0,12,9,60,0,47,A,NULL
25993,3014,25991,15,0,0,4,5,62,0,45,A,NULL
25994,3014,25991,7,0,0,7,4,68,0,39,A,NULL
25996,3014,25991,0,0,0,4,18,35,0,72,B,NULL
25999,3015,25997,2,0,0,3,1,60,0,47,A,NULL
26000,3015,25997,2,0,0,2,1,61,0,46,A,NULL
26002,3015,25997,2,0,0,2,1,60,0,47,A,NULL
26005,3016,26003,4,0,0,6,0,69,0,38,A,NULL
26006,3016,26003,4,0,0,8,1,70,0,37,A,NULL
26008,3016,26003,4,0,0,2,3,75,0,32,A,NULL
26011,3008,26009,0,0,0,1,0,93,1,13,A,NULL
26012,3008,26009,7,0,0,10,0,81,0,26,A,NULL
26014,3008,26009,0,0,0,2,0,77,1,29,A,NULL
26017,3009,26015,0,0,0,10,0,85,0,22,A,NULL
26018,3009,26015,0,1,1,18,0,76,0,31,A,NULL
26020,3009,26015,4,0,0,9,3,83,0,24,A,NULL
26023,3010,26021,0,0,0,15,0,80,0,27,A,NULL
26024,3010,26021,0,0,0,7,0,88,0,19,A,NULL
26026,3010,26021,0,0,0,5,0,90,0,17,A,NULL
26029,3011,26027,0,0,0,22,0,74,0,33,A,NULL
26030,3011,26027,6,0,0,14,0,79,0,28,A,NULL
26032,3011,26027,0,0,0,25,0,71,0,36,A,NULL
26035,2999,26033,5,0,0,11,0,79,2,26,A,NULL
26036,2999,26033,5,0,0,7,0,85,1,21,A,NULL
26038,2999,26033,5,0,0,3,0,89,0,18,A,NULL
26041,2829,26039,0,0,0,1,0,86,0,21,A,NULL
26042,2829,26039,0,0,0,1,0,86,0,21,A,NULL
26044,2829,26039,0,0,0,2,0,86,0,21,A,NULL
26047,2953,26045,5,0,0,2,0,89,1,17,A,NULL
26048,2953,26045,5,0,0,3,0,89,0,18,A,NULL
26050,2953,26045,5,0,0,5,0,86,0,21,A,NULL
26053,2828,26051,0,0,0,2,0,84,0,23,A,NULL
26054,2828,26051,0,0,0,1,0,87,0,20,A,NULL
26056,2828,26051,8,0,0,11,0,78,0,29,A,NULL
26059,3028,26057,0,0,0,2,0,88,0,19,A,NULL
26060,3028,26057,0,0,0,6,0,83,0,24,A,NULL
26062,3028,26057,0,0,0,2,0,87,0,20,A,NULL
26065,2833,26063,0,0,0,1,0,88,0,19,A,NULL
26066,2833,26063,0,0,0,10,0,78,0,29,A,NULL
26068,2833,26063,0,0,0,1,0,87,1,19,A,NULL
26071,3084,26069,0,0,0,1,0,87,0,20,A,NULL
26072,3084,26069,0,0,0,2,0,86,0,21,A,NULL
26074,3084,26069,0,0,0,3,0,85,0,22,A,NULL
26077,3085,26075,39,0,0,1,38,34,0,73,B,NULL
26078,3085,26075,39,1,1,2,37,34,0,73,B,NULL
26080,3085,26075,39,0,0,4,35,34,0,73,B,NULL
26086,2835,26084,0,0,0,0,0,89,0,18,A,NULL
26087,2835,26084,0,0,0,0,0,88,1,18,A,NULL
26089,2835,26084,0,0,0,0,0,88,1,18,A,NULL
26092,2834,26090,0,0,0,1,0,88,0,19,A,NULL
26093,2834,26090,0,0,0,1,0,87,0,20,A,NULL
26095,2834,26090,0,0,0,1,0,87,0,20,A,NULL
26098,3002,26096,0,0,0,2,0,77,1,29,A,NULL
26099,3002,26096,0,0,0,1,0,81,0,26,A,NULL
26101,3002,26096,0,0,0,2,0,79,0,28,A,NULL
26104,3001,26102,1,0,0,8,0,51,0,56,A,NULL
26105,3001,26102,1,0,0,12,0,47,0,60,B,NULL
26107,3001,26102,0,0,0,6,0,52,0,55,A,NULL
26108,3260,26108,4,4,4,4,2,39,0,68,B,NULL
26109,3260,26108,25,5,5,4,24,19,0,88,C,NULL
26110,3260,26108,2,4,4,6,0,35,0,72,B,NULL
26111,3260,26111,4,5,5,9,3,30,0,77,B,NULL
26112,3260,26111,31,0,0,4,31,12,0,95,C,NULL
26113,3260,26111,4,3,4,6,0,37,0,70,B,NULL
26114,3064,26114,1,0,0,1,0,92,0,15,A,NULL
26115,3064,26114,1,0,0,1,0,92,0,15,A,NULL
26116,3064,26114,1,0,0,1,0,92,0,15,A,NULL
26123,2818,26120,1,0,0,1,0,63,0,44,A,NULL
26125,2818,26120,0,0,0,5,0,59,0,48,A,NULL
26129,2817,26126,0,0,0,0,0,74,0,33,A,NULL
26131,2817,26126,0,0,0,11,0,63,0,44,A,NULL
26159,2816,26156,0,1,1,3,0,58,0,49,A,NULL
26161,2816,26156,0,0,0,4,0,58,0,49,A,NULL
26170,2830,26168,0,0,0,3,0,86,0,21,A,NULL
26171,2830,26168,0,0,0,20,0,68,0,39,A,NULL
26173,2830,26168,0,0,0,1,0,87,0,20,A,NULL
26176,2831,26174,0,0,0,17,0,71,0,36,A,NULL
26177,2831,26174,0,0,0,21,0,66,0,41,A,NULL
26179,2831,26174,0,0,0,8,0,80,0,27,A,NULL
26182,3003,26180,1,0,0,2,0,81,0,26,A,NULL
26183,3003,26180,1,0,0,1,0,81,1,25,A,NULL
26185,3003,26180,0,0,0,12,0,70,0,37,A,NULL
26188,3004,26186,0,0,0,1,0,81,0,26,A,NULL
26189,3004,26186,0,0,0,1,0,82,0,25,A,NULL
26191,3004,26186,0,0,0,1,0,81,1,25,A,NULL
26194,3006,26192,0,0,0,0,0,81,0,26,A,NULL
26195,3006,26192,0,0,0,0,0,82,0,25,A,NULL
26197,3006,26192,0,0,0,2,0,77,0,30,A,NULL
26543,2984,26541,1,0,0,1,0,54,1,52,A,NULL
26544,2984,26541,1,0,0,2,0,53,1,53,A,NULL
26546,2984,26541,1,8,13,3,0,48,0,59,B,NULL
26652,3007,26650,0,0,0,0,0,74,0,33,A,NULL
26653,3007,26650,0,0,0,0,0,74,0,33,A,NULL
26655,3007,26650,2,0,0,0,0,72,0,35,A,NULL
26658,3005,26656,34,0,0,4,8,37,0,70,B,NULL
26659,3005,26656,34,0,0,2,29,39,0,68,B,NULL
26661,3005,26656,29,0,0,4,0,41,0,66,B,NULL
27277,3280,27275,2,0,0,2,1,16,0,91,C,NULL
27278,3280,27275,1,0,0,2,0,16,0,91,C,NULL
27280,3280,27275,2,0,0,2,1,15,0,92,C,NULL
27283,3281,27281,2,0,0,1,0,22,0,85,B,NULL
27284,3281,27281,1,0,0,1,0,32,0,75,B,NULL
27286,3281,27281,2,0,0,1,1,32,0,75,B,NULL
27289,3282,27287,0,0,0,1,0,26,0,81,B,NULL
27290,3282,27287,2,0,0,2,0,14,0,93,C,NULL
27291,3282,27287,2,0,17,2,0,31,0,76,B,NULL
27294,3283,27292,1,0,0,1,0,33,0,74,B,NULL
27295,3283,27292,0,0,0,1,0,33,0,74,B,NULL
27296,3283,27292,1,0,0,1,0,33,0,74,B,NULL
27299,3284,27297,0,0,0,0,0,9,0,98,C,NULL
27300,3284,27297,0,0,0,0,1,7,0,100,C,NULL
27301,3284,27297,0,0,0,0,1,7,0,100,C,NULL
27304,3285,27302,1,0,0,1,0,33,0,74,B,NULL
27305,3285,27302,1,0,0,1,0,33,0,74,B,NULL
27306,3285,27302,0,0,0,1,0,33,0,74,B,NULL
27511,3085,27509,14,0,0,8,6,31,0,76,B,NULL
27512,3085,27509,36,0,0,10,11,9,0,98,C,NULL
27514,3085,27509,1,0,0,5,0,44,1,62,B,NULL
27517,2824,27515,5,0,0,7,0,37,0,70,B,NULL
27518,2824,27515,5,0,0,8,0,35,0,72,B,NULL
27520,2824,27515,5,0,0,5,0,40,0,67,B,NULL
27523,2826,27521,17,0,0,6,11,30,0,77,B,NULL
27524,2826,27521,1,0,0,5,0,40,0,67,B,NULL
27526,2826,27521,0,0,0,5,0,39,0,68,B,NULL
27529,2843,27527,0,0,0,5,0,42,0,65,B,NULL
27530,2843,27527,10,0,0,6,6,30,0,77,B,NULL
27532,2843,27527,1,0,0,4,0,42,0,65,B,NULL
27584,3042,27582,10,0,0,16,1,17,0,90,C,NULL
27585,3042,27582,16,0,0,7,0,20,0,87,B,NULL
27587,3042,27582,3,0,0,3,4,31,0,76,B,NULL
27590,2991,27588,9,0,0,2,0,32,0,75,B,NULL
27591,2991,27588,9,0,0,2,7,32,0,75,B,NULL
27593,2991,27588,9,0,0,2,0,29,0,78,B,NULL