x,quantile_02,quantile_25,median,quantile_75,quantile_98
1,-4.33918,-1.327525,0.0070958,1.264525,4.282186
2,-4.180976,-1.3678,-0.1009495,1.300975,4.080416
3,-4.381348,-1.333625,-0.0149485,1.276075,4.416432
4,-4.360194,-1.385825,-0.089238,1.262825,4.204928
5,-4.356262,-1.371325,-0.0715865,1.29425,4.36928
6,-4.312924,-1.2916,-0.06324,1.262825,4.266896
7,-4.128444,-1.399575,-0.0151645,1.29565,4.307438
8,-4.15839,-1.3464,-0.0735935,1.34265,4.17543
9,-4.435382,-1.308775,-0.032735,1.345525,4.375874
10,-4.386626,-1.300975,-0.0702755,1.325475,4.399296
11,-4.507778,-1.304675,-0.035567,1.325425,4.292718
12,-4.239056,-1.2538,-0.0656325,1.288575,4.05258
13,-4.290656,-1.32985,-0.0769115,1.29065,4.189364
14,-4.35495,-1.24015,0.0455145,1.3176,4.075596
15,-4.111378,-1.356475,-0.051556,1.2682,4.097304
16,-4.17966,-1.323025,-0.011867,1.3466,4.355108
17,-4.316012,-1.29795,0.0206925,1.377125,4.35184
18,-4.16429,-1.3132,-0.051171,1.32325,4.373506
19,-3.989328,-1.2689,0.00045955,1.3503,4.449606
20,-4.359378,-1.2915,0.012394,1.37475,4.167046
21,-4.187956,-1.3235,0.016793,1.345725,4.439748
22,-4.171934,-1.235375,0.052509,1.288625,4.27966
23,-4.273932,-1.307,0.028275,1.34955,4.264126
24,-4.05943,-1.302475,-0.00047305,1.333675,4.296432
25,-4.195272,-1.2759,0.0233285,1.328825,4.239552
26,-4.52322,-1.253225,-0.016611,1.322975,4.413602
27,-4.217108,-1.304925,0.076905,1.3431,4.355254
28,-4.358108,-1.401825,0.0066633,1.360625,4.345652
29,-4.308114,-1.205475,0.025572,1.340475,4.443302
30,-4.165948,-1.291025,0.012705,1.35915,4.209712
31,-4.273182,-1.271475,0.027883,1.36135,4.185456
32,-4.344242,-1.2476,0.088542,1.3614,4.46859
33,-4.114916,-1.276375,0.0384595,1.391775,4.22347
34,-4.185724,-1.2541,-0.0043453,1.425725,4.369282
35,-4.13655,-1.245425,0.066126,1.430125,4.26936
36,-3.996074,-1.21685,0.0180705,1.3397,4.211184
37,-4.214428,-1.25295,0.0901575,1.427225,4.49612
38,-4.253484,-1.221825,-0.024774,1.349725,4.333254
39,-4.149708,-1.204025,0.0694575,1.362575,4.503508
40,-4.068512,-1.196875,0.037277,1.3504,4.552394
41,-4.342742,-1.2488,0.03558,1.369625,4.21582
42,-4.119724,-1.209925,0.141595,1.3839,4.461558
43,-3.828982,-1.243,0.017334,1.312575,4.188972
44,-4.170062,-1.249175,0.0390405,1.3892,4.320986
45,-3.898774,-1.1614,0.052103,1.4092,4.29976
46,-4.096732,-1.21485,0.03531,1.2779,4.45034
47,-4.073866,-1.124475,0.13505,1.3748,4.418154
48,-3.984618,-1.14555,0.0531375,1.3432,4.293632
49,-4.072328,-1.1854,0.0200035,1.334725,4.365632
50,-4.155812,-1.15045,0.0537655,1.36455,4.379896
51,-4.23655,-1.201325,0.066437,1.343775,4.358732
52,-4.259054,-1.14315,0.073208,1.432,4.359226
53,-4.186416,-1.28325,0.079608,1.411775,4.393568
54,-4.09869,-1.1887,0.036986,1.42805,4.546166
55,-4.144932,-1.223275,0.0716,1.444925,4.396512
56,-4.074384,-1.25175,0.081169,1.3587,4.196758
57,-3.931158,-1.179575,0.0825135,1.54055,4.359304
58,-4.081442,-1.21305,-0.00868415,1.34395,4.280704
59,-4.082132,-1.22085,0.0038317,1.4033,4.3906
60,-4.092772,-1.18615,0.0755735,1.3803,4.274688
61,-4.355912,-1.221075,0.042602,1.427775,4.57405
62,-4.164042,-1.1801,0.062504,1.377375,4.41575
63,-4.031346,-1.112725,0.068437,1.3544,4.246164
64,-4.314232,-1.257675,0.0613075,1.38385,4.337578
65,-4.056518,-1.18975,0.029417,1.375125,4.055078
66,-4.26936,-1.200925,0.0921845,1.3319,4.4635
67,-4.160844,-1.194925,0.00533875,1.375025,4.22873
68,-4.230304,-1.19635,0.0716605,1.3684,4.232998
69,-4.166848,-1.269025,-0.00568335,1.358925,4.161988
70,-4.103096,-1.234025,0.049502,1.409925,4.409654
71,-4.284146,-1.264225,0.041412,1.372725,4.1789
72,-4.220874,-1.26315,-0.0109005,1.302175,4.433384
73,-4.1976,-1.213325,0.090245,1.3643,4.194558
74,-4.19946,-1.24725,0.066207,1.3381,4.293896
75,-4.07115,-1.189075,0.0414595,1.355325,4.31695
76,-4.467106,-1.229675,0.0885015,1.371225,4.38752
77,-4.394866,-1.287,0.0424325,1.357575,4.2434
78,-4.34171,-1.256425,0.0648755,1.247825,4.287388
79,-4.494708,-1.203325,0.016658,1.3496,4.39228
80,-4.100558,-1.24185,0.0400675,1.3889,3.98715
81,-4.310444,-1.23765,0.040926,1.296475,4.288488
82,-4.00475,-1.243225,-0.0448925,1.329275,4.184176
83,-4.038104,-1.2761,0.023538,1.358975,4.142252
84,-3.934114,-1.2848,-0.038209,1.261625,4.363528
85,-4.144266,-1.20145,0.0112385,1.365525,4.235352
86,-4.179326,-1.169825,0.000837975,1.339875,4.140004
87,-4.00003,-1.24185,0.0176985,1.35925,4.208412
88,-4.02706,-1.1788,0.0369385,1.4077,4.340302
89,-4.280328,-1.19675,0.031722,1.31825,4.097962
90,-4.420866,-1.2045,0.045859,1.3888,4.146676
91,-4.315836,-1.211925,0.029951,1.322675,4.327776
92,-4.074882,-1.2438,0.053928,1.29355,4.228154
93,-4.265296,-1.199275,0.0821085,1.28845,4.190404
94,-4.254904,-1.25425,0.0135295,1.28495,4.083012
95,-4.077192,-1.241625,0.026342,1.313525,4.081832
96,-4.515786,-1.2634,-0.00890695,1.260675,4.128148
97,-4.401396,-1.284575,0.04915,1.282125,4.06095
98,-4.085844,-1.27325,-0.0219025,1.33875,4.232668
99,-4.339702,-1.211275,-0.0545905,1.266825,4.138944
100,-4.105546,-1.27205,0.002439625,1.192875,4.025062
101,-4.061004,-1.209225,-0.050299,1.23925,4.243194
102,-3.997178,-1.17925,0.0183475,1.260775,3.92605
103,-4.206418,-1.287325,-0.00528465,1.247,4.148688
104,-4.04443,-1.171025,0.039581,1.207675,4.09851
105,-4.170352,-1.235075,-0.0052374,1.2252,4.06714
106,-3.948388,-1.169625,-0.010542,1.289425,3.905862
107,-4.173638,-1.17455,-0.00790675,1.231225,4.014816
108,-4.02142,-1.199125,0.00392635,1.282725,3.907736
109,-4.556292,-1.2318,-0.00386555,1.26635,3.877254
110,-4.29424,-1.250175,0.0320325,1.225975,4.14659
111,-4.186004,-1.23915,-0.008319,1.3016,4.056672
112,-4.08708,-1.226775,-0.0133675,1.271825,4.08662
113,-4.323884,-1.2077,-0.019145,1.3733,4.15373
114,-4.274374,-1.212425,-0.0077648,1.314,4.04245
115,-4.42076,-1.215625,0.048414,1.318875,4.037952
116,-4.371312,-1.25095,0.042602,1.358225,3.971742
117,-4.232788,-1.2432,0.0447105,1.2937,3.848974
118,-4.305362,-1.144025,0.0114748,1.3017,4.037462
119,-4.198096,-1.25195,0.021375,1.279425,4.23382
120,-4.334298,-1.225675,0.041223,1.286925,4.19147
121,-4.328086,-1.261425,-0.024403,1.261475,4.177388
122,-4.214026,-1.21775,0.01284005,1.2234,3.89577
123,-4.167766,-1.278825,-0.0253895,1.288625,4.027676
124,-4.297964,-1.295125,-0.0182665,1.19315,3.991028
125,-4.223862,-1.273125,-0.00564285,1.186575,3.965588
126,-4.095486,-1.255525,-0.037851,1.298025,4.119042
127,-4.187152,-1.260575,-0.043751,1.2193,3.773308
128,-4.272194,-1.236625,-0.020706,1.212025,4.002836
129,-4.209286,-1.221925,0.0205575,1.253,3.955908
130,-4.251338,-1.2107,0.0251055,1.2393,3.985024
131,-4.271522,-1.170075,0.0263965,1.25115,4.10706
132,-4.002618,-1.147,0.00530495,1.28085,3.795484
133,-4.130468,-1.1715,0.00101371,1.27355,3.89343
134,-4.086362,-1.18395,0.036783,1.2229,3.962454
135,-4.144656,-1.228975,-0.0392025,1.224125,3.96202
136,-4.04024,-1.21205,-0.0182195,1.31455,3.981096
137,-4.017708,-1.294975,-0.0433185,1.30255,3.960166
138,-3.951146,-1.2189,-0.0113535,1.22595,4.204622
139,-4.0446,-1.21905,0.0220375,1.276775,3.999454
140,-3.97172,-1.22135,-0.00941375,1.250025,4.003578
141,-4.08735,-1.191925,-0.0041561,1.269275,4.132232
142,-4.03865,-1.12265,0.022348,1.236675,3.954806
143,-4.023824,-1.1707,0.00554825,1.2824,4.145456
144,-4.2385,-1.183025,0.031654,1.2662,4.089608
145,-4.187668,-1.159575,0.0391485,1.24155,3.850562
146,-4.168308,-1.203175,-0.0059064,1.29795,3.816676
147,-3.994672,-1.26475,0.028059,1.221,3.918334
148,-4.428144,-1.187775,0.0202805,1.243625,4.040102
149,-4.136838,-1.320425,0.0206925,1.281325,3.938944
150,-4.066302,-1.2385,-0.0329515,1.1867,3.82085
151,-4.227824,-1.1591,0.00039195,1.22475,3.8827
152,-3.990988,-1.265,-0.0480015,1.16365,3.744612
153,-4.265298,-1.1662,-0.016428,1.212025,3.885198
154,-3.997802,-1.2495,-0.026768,1.249575,4.007538
155,-4.093988,-1.1734,0.022984,1.20695,3.865736
156,-3.993664,-1.143725,0.0683425,1.218075,3.972948
157,-4.055862,-1.21045,-0.018334,1.269725,3.897786
158,-4.148484,-1.1478,0.047359,1.320025,4.108506
159,-4.148084,-1.205175,0.045494,1.2436,3.841954
160,-4.067072,-1.1309,0.066214,1.3155,3.899592
161,-4.1774,-1.166425,0.0540565,1.285225,3.937914
162,-4.079988,-1.2067,-0.011975,1.281425,3.912814
163,-3.994982,-1.177325,0.038358,1.255175,4.118796
164,-4.052238,-1.1452,0.0286065,1.206175,3.987362
165,-3.980634,-1.1455,0.024957,1.297075,3.955124
166,-4.072548,-1.157525,-0.00981245,1.22665,4.089204
167,-3.919074,-1.16575,-0.012286,1.298175,3.972366
168,-4.03384,-1.1172,0.0865755,1.264725,4.085428
169,-4.204824,-1.16345,0.0687275,1.264725,3.816486
170,-3.992696,-1.09005,0.053881,1.2997,3.949164
171,-4.020326,-1.117025,0.0192735,1.2875,3.899326
172,-3.992232,-1.159775,0.034114,1.2953,3.966856
173,-3.976478,-1.08905,0.0661735,1.3083,4.076966
174,-3.851006,-1.1876,-0.0244095,1.212025,3.752484
175,-4.072718,-1.1706,0.0537115,1.210075,3.862334
176,-4.220328,-1.195725,0.0036763,1.203575,3.992514
177,-4.01053,-1.219675,-0.0239095,1.22605,3.76192
178,-4.116388,-1.149425,0.0016489,1.202975,3.968302
179,-3.864282,-1.224875,0.0177125,1.16495,3.798166
180,-3.984176,-1.168925,-0.0377765,1.228425,4.014538
181,-3.891658,-1.192425,-0.025822,1.217125,3.896332
182,-4.080142,-1.2092,0.0719175,1.27455,3.822744
183,-3.999858,-1.116575,0.0725665,1.216625,4.011098
184,-3.965806,-1.14485,0.0329585,1.2428,3.82645
185,-4.030004,-1.145625,0.0528265,1.252625,3.903852
186,-3.978642,-1.119975,0.07306,1.19105,3.845996
187,-3.901046,-1.20255,0.035607,1.312175,3.982096
188,-3.877132,-1.1396,0.11487,1.21425,3.91241
189,-3.942688,-1.2052,0.0038655,1.30225,4.043434
190,-3.985766,-1.205325,0.039324,1.25675,4.105394
191,-3.965348,-1.0917,0.0596585,1.21735,3.962594
192,-4.072486,-1.181,0.042379,1.2483,4.187436
193,-3.857726,-1.132525,0.0199225,1.250925,4.030882
194,-4.07239,-1.13685,0.0866025,1.23965,4.069844
195,-4.13223,-1.11425,0.0539075,1.264225,3.944804
196,-4.038202,-1.09225,0.047258,1.227225,4.026302
197,-3.948884,-1.0989,0.051995,1.290425,3.75495
198,-3.737674,-1.0843,0.0378305,1.230975,3.916914
199,-3.91296,-1.148775,-0.0050008,1.235475,3.861876
200,-3.872862,-1.15295,0.015989,1.17735,4.014638
201,-3.85002,-1.164625,0.021105,1.204525,3.883782
202,-3.861894,-1.146275,-0.017239,1.205075,3.826966
203,-3.845974,-1.1716,-0.073073,1.22025,3.78098
204,-3.802008,-1.1412,-0.02791,1.194475,3.80784
205,-3.757196,-1.17925,-0.047163,1.210725,3.952738
206,-3.873314,-1.183075,0.0210915,1.19705,3.871814
207,-3.994726,-1.21135,-0.04617,1.172025,4.142436
208,-3.932038,-1.18875,-0.020294,1.1631,3.831448
209,-4.098896,-1.138875,0.046109,1.17625,3.796812
210,-3.92444,-1.1633,-0.044379,1.203475,3.836314
211,-3.90568,-1.16335,0.0088594,1.294825,3.676842
212,-3.815858,-1.17755,-0.01234,1.2328,3.766232
213,-4.066346,-1.142925,0.020409,1.1488,3.812012
214,-3.946982,-1.163875,-0.033857,1.15205,3.844792
215,-4.007008,-1.185875,-0.019064,1.20455,3.749086
216,-3.99962,-1.1721,-0.0688495,1.16085,3.61503
217,-3.842992,-1.130275,-0.05828,1.25345,3.965402
218,-3.834778,-1.1748,-0.0650855,1.14635,3.614732
219,-4.07142,-1.13395,0.033269,1.21475,3.745636
220,-3.878796,-1.177575,-0.0425205,1.213875,3.807476
221,-3.913774,-1.11875,-0.0703565,1.14385,3.82045
222,-3.89827,-1.176675,-0.01023145,1.214925,3.728432
223,-3.779082,-1.11635,-0.0147865,1.16955,3.683846
224,-3.78382,-1.1704,-0.00074335,1.23435,3.636736
225,-3.645018,-1.198325,-0.0157125,1.20035,3.761404
226,-3.823726,-1.207725,-0.0602465,1.1249,3.821858
227,-3.841992,-1.2063,-0.066572,1.146775,3.765016
228,-3.93205,-1.2929,-0.0584895,1.127825,3.50194
229,-4.05068,-1.25615,-0.0715595,1.1304,3.684928
230,-3.979578,-1.230325,-0.0582735,1.084525,3.720346
231,-4.187846,-1.27595,-0.122625,1.08255,3.702066
232,-3.88355,-1.21045,-0.082649,1.110825,3.710142
233,-4.00609,-1.26775,-0.112565,1.068125,3.784468
234,-4.055512,-1.237275,-0.10315,1.061175,3.489398
235,-4.011382,-1.2329,-0.064031,1.112925,3.575126
236,-4.009688,-1.236175,-0.0904475,1.0559,3.599562
237,-3.96227,-1.239425,-0.096685,1.095275,3.577644
238,-4.07392,-1.26955,-0.104015,1.066125,3.777954
239,-4.100952,-1.20375,-0.181225,1.082,3.539026
240,-3.89871,-1.248675,-0.10769,1.078325,3.676738
241,-4.003446,-1.266775,-0.16379,1.033275,3.590962
242,-4.10645,-1.28615,-0.0793035,1.10125,3.703802
243,-3.965526,-1.251075,-0.16977,1.056675,3.647404
244,-4.074594,-1.29125,-0.11309,1.1169,3.47867
245,-4.083568,-1.213325,-0.084048,1.04845,3.775928
246,-3.994346,-1.33795,-0.124825,1.0399,3.572512
247,-3.904478,-1.20855,-0.112,1.092725,3.571194
248,-3.954428,-1.282275,-0.118195,0.993595,3.552016
249,-4.03665,-1.3124,-0.11258,1.136475,3.466518
250,-4.030598,-1.2843,-0.15978,1.041675,3.641564
251,-4.073008,-1.304875,-0.14275,1.028125,3.673674
252,-3.865116,-1.29835,-0.13614,1.043525,3.42184
253,-3.978534,-1.27215,-0.132115,1.037825,3.61465
254,-4.072812,-1.313525,-0.12282,1.028425,3.497402
255,-3.928932,-1.350425,-0.12219,1.05315,3.60494
256,-4.101122,-1.2892,-0.16005,1.055775,3.370624
257,-3.963124,-1.314375,-0.15371,0.9968375,3.567748
258,-4.076704,-1.300425,-0.162585,1.00365,3.783354
259,-4.184034,-1.372825,-0.20346,0.9923875,3.504826
260,-3.759064,-1.337825,-0.17827,1.013,3.656688
261,-4.196314,-1.3222,-0.197305,1.0173,3.468002
262,-4.010206,-1.408875,-0.15883,1.024625,3.451588
263,-4.19029,-1.30585,-0.187255,0.9812825,3.552924
264,-3.968758,-1.25715,-0.163885,1.06195,3.493472
265,-4.044574,-1.2991,-0.153115,1.01305,3.584882
266,-3.859224,-1.352725,-0.14224,0.9881225,3.537452
267,-3.941726,-1.32405,-0.178635,0.9728475,3.436286
268,-4.163162,-1.2992,-0.195925,1.024525,3.60911
269,-4.049632,-1.328575,-0.213535,1.011925,3.56416
270,-4.126254,-1.34985,-0.164515,1.023175,3.63646
271,-3.897578,-1.2876,-0.148305,1.045325,3.578916
272,-3.987792,-1.396,-0.16167,1.0426,3.73985
273,-3.955984,-1.289925,-0.20341,1.082175,3.35536
274,-4.001462,-1.366325,-0.16742,0.98451,3.810292
275,-4.098896,-1.263425,-0.153355,0.9869725,3.452964
276,-3.91834,-1.29985,-0.168155,1.02595,3.708228
277,-3.905068,-1.32215,-0.139655,1.020725,3.584174
278,-3.980958,-1.2696,-0.16885,1.010175,3.483604
279,-4.000104,-1.329225,-0.148135,1.026475,3.54157
280,-3.97299,-1.25545,-0.110325,0.9622875,3.492926
281,-4.012788,-1.2986,-0.091529,0.92592,3.508244
282,-3.939488,-1.3275,-0.166405,0.9571275,3.429826
283,-3.91627,-1.278475,-0.17705,0.9640525,3.538372
284,-4.252322,-1.3166,-0.119135,0.99651,3.51975
285,-4.090962,-1.2875,-0.127115,1.018175,3.399746
286,-3.99067,-1.29635,-0.13607,0.937975,3.366436
287,-3.914104,-1.276675,-0.18865,0.9872675,3.394396
288,-3.936716,-1.2772,-0.15575,0.9958575,3.629082
289,-4.086518,-1.322775,-0.12578,1.0391,3.466842
290,-3.962208,-1.2403,-0.16402,0.946985,3.56091
291,-3.890682,-1.330125,-0.180625,1.0169,3.499988
292,-4.072848,-1.2612,-0.153065,0.9540675,3.521884
293,-4.08788,-1.257875,-0.139565,1.00765,3.403094
294,-3.964424,-1.296525,-0.157915,1.018625,3.558944
295,-3.961586,-1.306425,-0.16988,0.986985,3.65444
296,-3.972368,-1.285575,-0.210315,1.00665,3.62051
297,-4.000196,-1.314025,-0.20085,0.9831175,3.607584
298,-3.996018,-1.30505,-0.107715,1.023975,3.506378
299,-4.064654,-1.26635,-0.222705,1.01225,3.4264
300,-4.030982,-1.3012,-0.167565,0.9923,3.55056
301,-3.96131,-1.335175,-0.1732,0.99429,3.491636
302,-3.914094,-1.2686,-0.128815,1.033,3.546314
303,-4.03315,-1.248175,-0.1226,1.05425,3.523068
304,-4.143426,-1.252325,-0.0994355,1.00965,3.593804
305,-4.020994,-1.29315,-0.116605,1.01575,3.506312
306,-4.152184,-1.304325,-0.155375,1.018,3.288936
307,-4.097542,-1.31175,-0.0857305,1.0288,3.49767
308,-3.870066,-1.276075,-0.14595,1.09275,3.423866
309,-4.089104,-1.309675,-0.08988,0.9833375,3.339938
310,-4.181958,-1.286425,-0.13363,1.10735,3.619886
311,-4.133906,-1.31125,-0.130745,1.0358,3.471336
312,-4.21156,-1.2556,-0.11607,1.015975,3.741038
313,-4.090154,-1.29265,-0.152985,1.0199,3.59037
314,-4.0414,-1.2773,-0.091184,1.019225,3.496866
315,-3.958658,-1.253875,-0.183855,1.028775,3.648022
316,-4.102262,-1.291025,-0.175175,0.9773975,3.4412
317,-4.059754,-1.21605,-0.145165,1.04255,3.504434
318,-4.03063,-1.313625,-0.14724,1.007925,3.40429
319,-4.057542,-1.2453,-0.18059,0.98354,3.416562
320,-4.027686,-1.296275,-0.18222,0.9548675,3.647432
321,-4.130224,-1.210925,-0.18605,0.9731375,3.529382
322,-3.985776,-1.261875,-0.110905,1.00685,3.472124
323,-4.015552,-1.290225,-0.12736,0.9636075,3.638802
324,-4.08038,-1.2899,-0.14112,0.95919,3.483074
325,-4.187934,-1.275475,-0.095496,1.011075,3.57785
326,-3.912842,-1.2527,-0.139915,0.9973825,3.460252
327,-4.131334,-1.2931,-0.135915,1.091625,3.644756
328,-4.001494,-1.30325,-0.15045,1.0156,3.57572
329,-3.758032,-1.271375,-0.139355,0.9904775,3.570886
330,-3.941376,-1.24925,-0.133025,1.12175,3.515514
331,-3.86749,-1.289675,-0.151405,0.970825,3.416454
332,-4.001146,-1.24415,-0.10099,1.03295,3.60844
333,-3.84971,-1.360075,-0.1739,1.032825,3.616104
334,-3.83633,-1.3111,-0.144435,0.99309,3.419478
335,-3.768206,-1.28135,-0.127515,1.06725,3.61179
336,-3.89729,-1.227525,-0.143745,1.027225,3.457396
337,-3.905212,-1.293225,-0.10718,1.071,3.57529
338,-3.943614,-1.258725,-0.10924,1.037125,3.63043
339,-3.928778,-1.286125,-0.119845,1.0893,3.556248
340,-4.067828,-1.235875,-0.12756,1.0347,3.475048
341,-3.937686,-1.212375,-0.121745,1.048225,3.815524
342,-4.015486,-1.296725,-0.087515,1.078125,3.641582
343,-3.903346,-1.21415,-0.185485,1.0409,3.92371
344,-3.877464,-1.2829,-0.155015,1.096775,3.584074
345,-4.001978,-1.242325,-0.073668,1.069225,3.595678
346,-3.6908,-1.2539,-0.186635,1.070925,3.426476
347,-3.921798,-1.267725,-0.10127,1.04905,3.557896
348,-3.960318,-1.204075,-0.157985,1.031525,3.651056
349,-3.891508,-1.2133,-0.076939,0.9935575,3.463306
350,-4.159758,-1.23965,-0.142355,1.06985,3.519264
351,-3.901596,-1.263775,-0.092975,1.036525,3.58593
352,-4.04282,-1.317425,-0.10713,1.0163,3.506236
353,-3.912434,-1.22735,-0.0706405,1.0207,3.66028
354,-4.094702,-1.232,-0.1189,1.072125,3.617528
355,-4.007552,-1.254,-0.1016405,1.0556,3.571482
356,-3.834058,-1.234375,-0.12016,1.09515,3.492978
357,-3.955974,-1.3173,-0.096205,1.074725,3.502282
358,-3.752046,-1.2228,-0.113785,1.03975,3.576826
359,-4.008636,-1.246875,-0.132515,1.09855,3.428388
360,-4.027578,-1.2298,-0.123975,1.0681,3.672504
361,-4.010104,-1.262425,-0.1129,1.0688,3.400798
362,-4.21771,-1.262575,-0.0664705,1.0909,3.561358
363,-4.049284,-1.28795,-0.134935,1.1315,3.600098
364,-3.90081,-1.251075,-0.12544,1.0946,3.3899
365,-3.868608,-1.22465,-0.091455,1.067375,3.476338
366,-3.974144,-1.2481,-0.113635,1.09225,3.564588
367,-4.107382,-1.2066,-0.0739855,1.05205,3.542548
368,-3.940494,-1.260325,-0.098944,1.1412,3.702106
369,-4.194702,-1.29665,-0.12354,1.057325,3.52629
370,-3.7081,-1.243025,-0.12608,1.086375,3.670302
371,-4.113214,-1.2669,-0.13985,1.02115,3.750262
372,-4.00465,-1.323075,-0.13156,1.1152,3.56305
373,-4.007256,-1.26145,-0.101375,1.089375,3.71193
374,-4.119016,-1.3559,-0.131815,1.05255,3.676792
375,-3.943914,-1.270725,-0.106155,1.04575,3.770062
376,-4.089692,-1.3416,-0.097084,1.11735,3.663218
377,-3.79722,-1.279075,-0.140505,1.074925,3.421788
378,-4.149144,-1.3365,-0.107975,1.0988,3.480294
379,-4.146084,-1.30465,-0.10758,1.049625,3.46477
380,-3.982764,-1.352975,-0.13439,1.013325,3.508718
381,-4.045476,-1.358,-0.132515,1.017575,3.663342
382,-4.216012,-1.338225,-0.0838585,1.057825,3.527998
383,-4.286412,-1.3539,-0.150335,1.090475,3.542312
384,-4.150354,-1.35295,-0.164,1.08545,3.451634
385,-3.92247,-1.3522,-0.075013,1.0983,3.683414
386,-3.935278,-1.36755,-0.167555,1.095225,3.631368
387,-4.218682,-1.349225,-0.186625,1.0991,3.715196
388,-3.848094,-1.3283,-0.106845,1.12165,3.729534
389,-4.08086,-1.35365,-0.156505,0.994115,3.647808
390,-3.999008,-1.344675,-0.147295,1.068325,3.584026
391,-4.051226,-1.332625,-0.122305,1.081825,3.5809
392,-4.119106,-1.3841,-0.21428,1.0864,3.64913
393,-4.063222,-1.286925,-0.109735,1.101875,3.631826
394,-3.98636,-1.33215,-0.23489,1.026625,3.500694
395,-4.349926,-1.334575,-0.16156,1.063525,3.797644
396,-4.319088,-1.300975,-0.134885,1.05445,3.530224
397,-4.308066,-1.306075,-0.2062,0.975525,3.758592
398,-4.376598,-1.2719,-0.070201,1.1359,3.697146
399,-4.07623,-1.34515,-0.17169,1.018,3.51396
400,-4.25828,-1.374975,-0.21364,1.1052,3.556728
401,-4.046906,-1.24885,-0.109215,1.06325,3.436904
402,-4.325686,-1.39925,-0.179355,1.052975,3.579286
403,-4.21765,-1.3486,-0.114265,1.112375,3.66667
404,-4.155284,-1.3392,-0.154785,0.9635775,3.63854
405,-4.278414,-1.410875,-0.180715,1.071275,3.779352
406,-4.08185,-1.320825,-0.13308,1.02015,3.558396
407,-4.271004,-1.42235,-0.212935,1.04415,3.296952
408,-4.280414,-1.41825,-0.13311,1.14195,3.786864
409,-4.070142,-1.406025,-0.20234,1.001075,3.53748
410,-4.221808,-1.4173,-0.15968,1.054375,3.727348
411,-4.29389,-1.368875,-0.162075,1.051775,3.863054
412,-4.023694,-1.45305,-0.225185,0.9779575,3.734668
413,-3.938418,-1.40345,-0.152915,1.065375,3.636332
414,-4.060672,-1.3309,-0.17286,0.99539,3.851916
415,-4.037148,-1.391025,-0.173915,1.007825,3.547418
416,-4.01325,-1.352,-0.12233,1.07695,3.825248
417,-4.164324,-1.36345,-0.18845,1.021625,3.709226
418,-4.21756,-1.37935,-0.1823,1.1065,3.681724
419,-4.02628,-1.3515,-0.154255,1.074075,3.633508
420,-4.286646,-1.395775,-0.18813,1.02475,3.532646
421,-4.176642,-1.337425,-0.110425,1.075575,3.921706
422,-4.169292,-1.403425,-0.221905,1.067825,3.622808
423,-4.340158,-1.361575,-0.16322,1.10695,3.688042
424,-4.229538,-1.385125,-0.17837,1.122975,3.607068
425,-4.553428,-1.419975,-0.190015,1.083725,3.734656
426,-4.248768,-1.38515,-0.0645855,1.099575,3.624646
427,-4.39151,-1.4011,-0.21771,1.050325,3.765342
428,-4.496472,-1.39965,-0.11774,1.07165,3.576626
429,-4.194046,-1.35295,-0.14669,1.07765,3.714678
430,-4.100544,-1.47205,-0.16826,1.072425,3.78342
431,-4.120034,-1.3711,-0.13742,1.09255,3.68203
432,-3.98325,-1.4092,-0.197475,1.043225,3.834724
433,-4.390718,-1.37355,-0.18215,1.047525,3.758836
434,-4.25312,-1.364975,-0.10903,1.128725,3.904944
435,-4.310264,-1.412575,-0.17458,0.98774,3.557322
436,-4.177234,-1.35405,-0.17255,1.141025,3.785476
437,-4.2428,-1.406375,-0.155725,1.080675,3.814198
438,-4.320798,-1.473025,-0.170375,1.1052,3.866378
439,-4.234494,-1.3759,-0.0772155,1.2146,3.918884
440,-4.30251,-1.43395,-0.187055,1.0935,3.8953
441,-4.04608,-1.36625,-0.097503,1.097025,3.829714
442,-4.074108,-1.39565,-0.159105,1.112525,4.029912
443,-4.317954,-1.37605,-0.199765,1.092325,3.89952
444,-4.066272,-1.41935,-0.10561,1.172675,4.082676
445,-4.173992,-1.337125,-0.224525,1.1134,4.025408
446,-4.312432,-1.3401,-0.18449,1.166125,4.092378
447,-4.141924,-1.41615,-0.15931,1.126,4.123984
448,-4.289384,-1.395175,-0.21701,1.033525,4.052168
449,-4.316526,-1.3752,-0.101675,1.1452,4.234716
450,-4.276302,-1.370575,-0.144165,1.117875,4.029014
451,-4.357968,-1.4553,-0.109155,1.144275,3.99291
452,-4.385876,-1.322125,-0.1489,1.217225,4.214384
453,-4.413412,-1.40365,-0.129395,1.19705,4.211758
454,-4.273628,-1.422,-0.0924275,1.19285,4.326656
455,-4.301456,-1.397075,-0.15384,1.159475,4.492662
456,-4.40502,-1.3691,-0.097467,1.188675,4.459454
457,-4.280172,-1.383425,-0.056827,1.265725,4.787044
458,-4.394588,-1.415375,-0.0815615,1.121075,4.163456
459,-4.305978,-1.41295,-0.116945,1.197575,4.504458
460,-4.385652,-1.38815,-0.120535,1.0792,4.437908
461,-4.421034,-1.3877,-0.097219,1.161275,4.323778
462,-4.1745,-1.43985,-0.105335,1.203725,4.650408
463,-4.096064,-1.432275,-0.156085,1.097525,4.666046
464,-4.119208,-1.4604,-0.046278,1.21215,4.671468
465,-4.036262,-1.382,-0.12346,1.1386,4.802502
466,-4.43862,-1.35535,-0.126455,1.180725,4.68001
467,-4.29082,-1.359625,-0.11364,1.22805,5.144384
468,-4.285266,-1.43665,-0.0733235,1.213125,5.18257
469,-4.169752,-1.35685,-0.112385,1.15865,4.99114
470,-3.924212,-1.409525,-0.132185,1.26795,5.24737
471,-4.314818,-1.281425,-0.132785,1.15845,4.964546
472,-4.188692,-1.399625,-0.0859875,1.22555,4.9733
473,-4.156338,-1.45255,-0.127475,1.174925,4.881434
474,-4.52698,-1.41585,-0.030255,1.13935,4.745064
475,-4.13059,-1.377875,-0.11746,1.2196,4.862026
476,-4.135722,-1.416525,-0.1591,1.152325,4.777072
477,-4.259788,-1.3938,-0.114515,1.242425,5.00219
478,-4.376752,-1.38935,-0.14174,1.112225,4.90402
479,-4.676416,-1.404875,-0.14374,1.2003,4.747952
480,-4.54419,-1.343725,-0.090664,1.214475,4.97959
481,-4.319138,-1.380375,-0.0801755,1.1666,4.959492
482,-4.080094,-1.434075,-0.0907045,1.2423,5.554174
483,-4.317708,-1.467975,-0.0811085,1.28775,4.783596
484,-4.250536,-1.316425,-0.092833,1.20605,5.148316
485,-4.406734,-1.384525,-0.11513,1.19205,5.054848
486,-4.436048,-1.45105,-0.0938805,1.206125,4.664624
487,-4.230608,-1.419525,-0.1247,1.1977,4.953096
488,-4.255408,-1.36445,-0.079466,1.153775,5.1026
489,-4.530002,-1.45915,-0.171335,1.159475,4.684672
490,-4.427576,-1.436625,-0.12799,1.20195,4.795004
491,-4.424222,-1.44105,-0.19466,1.110725,4.771214
492,-4.63921,-1.49595,-0.140135,1.1999,4.790878
493,-4.270374,-1.44035,-0.124035,1.18935,4.439562
494,-4.467128,-1.407625,-0.160075,1.187675,4.58346
495,-4.513906,-1.437575,-0.11698,1.235675,4.646186
496,-4.225712,-1.436725,-0.208835,1.179125,5.031158
497,-4.229514,-1.40175,-0.16827,1.198775,4.617916
498,-4.326258,-1.4277,-0.15591,1.1538,4.759468
499,-4.483546,-1.4507,-0.175135,1.177,4.78662
500,-4.399906,-1.434625,-0.11233,1.220525,4.940082
501,-4.546386,-1.4571,-0.1393,1.269625,4.791724
502,-4.617348,-1.4814,-0.11992,1.22725,4.756484
503,-4.598254,-1.5107,-0.2241,1.1395,5.232182
504,-4.776624,-1.494275,-0.18012,1.20245,4.932044
505,-4.584534,-1.544225,-0.25795,1.1637,5.04299
506,-4.776522,-1.5198,-0.220585,1.13655,4.875136
507,-4.787576,-1.4773,-0.17013,1.123175,4.76788
508,-4.67119,-1.47465,-0.21433,1.235225,4.894744
509,-4.613824,-1.53465,-0.142575,1.120825,5.0621
510,-4.71267,-1.553525,-0.17609,1.170225,5.047436
511,-4.480926,-1.50155,-0.224995,1.199925,4.953154
512,-4.880854,-1.548375,-0.203525,1.20755,4.920906
513,-4.571964,-1.465075,-0.12901,1.215725,4.922184
514,-4.57896,-1.47125,-0.164235,1.172125,5.064846
515,-4.709668,-1.4967,-0.155825,1.24925,5.047422
516,-4.719612,-1.480225,-0.194485,1.199225,4.880932
517,-4.850766,-1.5173,-0.211485,1.2098,5.080254
518,-4.885456,-1.457475,-0.172885,1.175975,4.89243
519,-4.755568,-1.495825,-0.252835,1.1234,4.825674
520,-4.754992,-1.493575,-0.214815,1.136225,5.055842
521,-4.486646,-1.543525,-0.19184,1.168375,4.807054
522,-4.818344,-1.515825,-0.17538,1.1564,4.924528
523,-4.84263,-1.49465,-0.223185,1.179925,5.028502
524,-4.758078,-1.5151,-0.201715,1.1001,4.736646
525,-5.12059,-1.46215,-0.223785,1.11315,5.070856
526,-4.54527,-1.50975,-0.184045,1.1832,4.728238
527,-4.759122,-1.43415,-0.170775,1.228775,4.636896
528,-4.568766,-1.515825,-0.18218,1.195625,4.747502
529,-4.856238,-1.441925,-0.17342,1.214225,4.823842
530,-4.599196,-1.51115,-0.196285,1.219575,4.70316
531,-4.819446,-1.4888,-0.212755,1.211225,4.717108
532,-4.77784,-1.49525,-0.21722,1.127225,5.02745
533,-4.81507,-1.485425,-0.22993,1.213425,5.007014
534,-4.711936,-1.57275,-0.262475,1.172,4.85331
535,-4.894334,-1.54095,-0.20765,1.161525,5.085282
536,-4.690958,-1.5524,-0.275665,1.196825,4.765034
537,-4.991454,-1.567825,-0.284865,1.1311,5.257164
538,-4.8581,-1.516475,-0.19871,1.1688,4.93662
539,-4.846118,-1.628075,-0.25792,1.15215,4.968594
540,-4.78675,-1.535875,-0.219285,1.216425,5.00092999999999
541,-4.674872,-1.5937,-0.24807,1.143275,5.156324
542,-4.746604,-1.5599,-0.173905,1.1282,5.110722
543,-4.68321,-1.5729,-0.20552,1.1706,4.921192
544,-4.904096,-1.5558,-0.205065,1.15505,4.912388
545,-4.713854,-1.429825,-0.19424,1.15715,4.680298
546,-4.717252,-1.51615,-0.2049,1.13105,4.837166
547,-4.800684,-1.4873,-0.180495,1.151325,4.566378
548,-4.729362,-1.579775,-0.23767,1.224975,4.588374
549,-4.843242,-1.5964,-0.19663,1.207275,4.995086
550,-4.768142,-1.567725,-0.194675,1.178875,4.853518
551,-4.780638,-1.5465,-0.22176,1.179775,4.794664
552,-4.892866,-1.572425,-0.236465,1.173025,5.220778
553,-4.892514,-1.559975,-0.20671,1.140075,5.193906
554,-4.864594,-1.52415,-0.245995,1.20915,5.330344
555,-5.022612,-1.5786,-0.2544,1.122975,4.912766
556,-4.97992,-1.598625,-0.23323,1.251125,5.040286
557,-4.85949,-1.57955,-0.214895,1.1683,5.058906
558,-4.763326,-1.55105,-0.14056,1.2547,4.770142
559,-4.709402,-1.567175,-0.25032,1.189175,5.240678
560,-4.848844,-1.555125,-0.217945,1.206525,5.266424
561,-4.662918,-1.6276,-0.17186,1.203775,5.32793
562,-4.850342,-1.61635,-0.231255,1.15575,5.331532
563,-4.879222,-1.64275,-0.25089,1.16335,5.176092
564,-4.902938,-1.61345,-0.149415,1.225325,5.065118
565,-4.970226,-1.60585,-0.22847,1.156475,4.925498
566,-4.565322,-1.519275,-0.26524,1.188075,5.037318
567,-4.813088,-1.667425,-0.24483,1.198375,5.135814
568,-4.791036,-1.498025,-0.22706,1.143425,5.141502
569,-4.888388,-1.6096,-0.30971,1.19745,5.471198
570,-4.849056,-1.54975,-0.22424,1.129575,5.449078
571,-4.840916,-1.552125,-0.193295,1.1878,5.262738
572,-4.87893,-1.5773,-0.242945,1.135125,5.366
573,-4.716158,-1.493575,-0.191405,1.2718,5.438818
574,-4.817936,-1.57185,-0.2403,1.255125,5.372146
575,-4.869446,-1.552425,-0.171035,1.27415,5.257954
576,-4.935952,-1.5558,-0.136645,1.2244,5.673016
577,-4.71059,-1.536,-0.16196,1.2201,5.29017
578,-4.63862,-1.563,-0.17801,1.2828,4.923956
579,-4.868222,-1.560625,-0.12658,1.353375,5.163526
580,-4.561888,-1.4881,-0.168715,1.178425,5.305606
581,-4.8419,-1.542625,-0.117625,1.239075,5.4737
582,-4.695062,-1.517075,-0.18513,1.2155,5.428986
583,-4.575382,-1.49905,-0.175005,1.220625,5.277062
584,-5.123448,-1.57695,-0.173115,1.310625,5.832164
585,-4.6347,-1.563025,-0.23852,1.188825,5.815198
586,-5.004672,-1.57725,-0.18723,1.301175,5.840326
587,-4.943944,-1.61475,-0.18248,1.2929,5.843274
588,-4.763114,-1.6293,-0.237745,1.2589,6.175756
589,-4.77982,-1.578725,-0.17655,1.365275,5.760506
590,-4.877312,-1.642975,-0.273085,1.2361,6.0951
591,-4.808454,-1.53875,-0.2027,1.3672,5.815134
592,-4.786194,-1.483175,-0.18414,1.22795,5.970642
593,-4.63977,-1.536825,-0.179375,1.31105,5.956018
594,-4.783422,-1.518975,-0.13634,1.37955,5.899674
595,-4.748254,-1.5636,-0.15833,1.310125,5.894724
596,-4.86846,-1.5304,-0.114075,1.27595,5.905976
597,-5.07105,-1.5395,-0.110735,1.423875,6.096754
598,-4.779564,-1.565375,-0.19966,1.3549,5.961224
599,-4.968262,-1.5082,-0.082629,1.30015,6.1198
600,-4.891264,-1.543925,-0.140135,1.29585,6.039712
601,-4.856688,-1.4761,-0.118825,1.40705,6.141398
602,-4.553978,-1.487825,-0.084109,1.333275,6.049838
603,-5.153026,-1.564125,-0.10819,1.34215,6.445752
604,-4.758954,-1.49455,-0.16292,1.378975,6.316736
605,-4.799902,-1.5414,-0.049765,1.355525,6.27162
606,-4.976696,-1.5167,-0.102403,1.407225,6.051718
607,-4.763944,-1.4589,-0.063484,1.368175,6.18086
608,-4.928286,-1.5303,-0.130985,1.483275,6.122154
609,-4.920752,-1.4858,-0.10238,1.37285,5.961314
610,-5.203696,-1.638325,-0.14124,1.41865,6.443174
611,-4.886768,-1.513725,-0.144425,1.420725,6.035578
612,-4.812024,-1.58055,-0.15145,1.380925,5.861258
613,-4.941362,-1.533575,-0.149245,1.38065,6.230074
614,-4.841602,-1.5301,-0.16999,1.4162,5.910032
615,-4.853398,-1.502025,-0.222475,1.383525,6.017006
616,-4.733726,-1.5417,-0.142075,1.366375,5.867822
617,-4.618172,-1.50125,-0.133105,1.396125,5.940396
618,-4.588538,-1.55385,-0.10734,1.304625,5.828334
619,-4.789536,-1.532825,-0.110225,1.39975,6.161236
620,-4.902122,-1.5176,-0.0957325,1.31315,6.147602
621,-4.691662,-1.521725,-0.139855,1.326775,6.365928
622,-4.987454,-1.517775,-0.0432645,1.350275,6.377992
623,-5.006168,-1.519375,-0.142085,1.3698,6.119992
624,-4.769208,-1.51825,-0.111375,1.284225,6.179836
625,-5.115532,-1.560125,-0.173985,1.40055,6.039866
626,-5.176048,-1.540075,-0.143235,1.277775,5.975348
627,-4.962404,-1.553825,-0.125325,1.341475,5.626966
628,-4.882594,-1.4885,-0.142505,1.32205,6.02015
629,-4.728834,-1.4711,-0.14322,1.2987,5.595534
630,-4.836072,-1.465725,-0.17277,1.346875,6.129796
631,-4.915604,-1.511825,-0.16025,1.369175,5.776182
632,-4.996538,-1.535925,-0.13151,1.320375,6.11521
633,-5.29589,-1.55885,-0.177365,1.39645,5.988638
634,-5.106086,-1.6425,-0.15877,1.300225,6.082386
635,-4.942334,-1.552475,-0.147515,1.3662,5.821592
636,-4.954652,-1.617525,-0.195205,1.354625,5.90094
637,-5.016084,-1.5622,-0.21734,1.296975,6.114412
638,-5.126004,-1.574475,-0.155665,1.27965,5.982902
639,-5.071134,-1.6476,-0.226855,1.2857,5.56239
640,-5.145356,-1.6472,-0.14553,1.2578,6.004002
641,-5.067904,-1.625825,-0.19174,1.20795,5.557004
642,-5.01537,-1.6087,-0.20746,1.24755,5.769206
643,-4.970836,-1.668825,-0.21899,1.18895,5.9063
644,-4.986582,-1.667425,-0.220175,1.287075,5.694048
645,-4.930498,-1.62465,-0.23916,1.262925,6.037536
646,-5.293232,-1.65195,-0.210615,1.3261,5.832562
647,-5.283332,-1.61625,-0.19848,1.316025,6.03135
648,-5.406942,-1.612,-0.22921,1.2742,5.852038
649,-5.230174,-1.679175,-0.219565,1.32845,6.033024
650,-5.398794,-1.654125,-0.240415,1.2455,6.205534
651,-5.272436,-1.646775,-0.215475,1.25965,6.079334
652,-5.287158,-1.62045,-0.28595,1.25255,5.994668
653,-5.512332,-1.5727,-0.249925,1.29145,5.99483
654,-5.390552,-1.617225,-0.2289,1.160675,6.322324
655,-5.463086,-1.6187,-0.24494,1.250625,5.859692
656,-5.228648,-1.628425,-0.277635,1.143025,5.882102
657,-5.066782,-1.66165,-0.229695,1.29205,5.746516
658,-5.136288,-1.59625,-0.230365,1.269525,6.012758
659,-5.275886,-1.655325,-0.26911,1.27135,6.151008
660,-4.882196,-1.651075,-0.276095,1.285425,6.101554
661,-5.21316,-1.66995,-0.20376,1.29655,5.783624
662,-5.001228,-1.735575,-0.2339,1.32425,5.834478
663,-5.366766,-1.712975,-0.24438,1.3141,5.85146
664,-5.203788,-1.654325,-0.25514,1.225025,5.636512
665,-5.119576,-1.73615,-0.260815,1.221975,5.717412
666,-5.342512,-1.712675,-0.29136,1.167075,6.022322
667,-5.43339,-1.7163,-0.27031,1.22375,5.92925
668,-5.156012,-1.81715,-0.311535,1.273775,6.210812
669,-5.286626,-1.7493,-0.35706,1.273625,5.6979
670,-5.202152,-1.766925,-0.248795,1.229675,6.143944
671,-5.278724,-1.74155,-0.331225,1.220675,6.189132
672,-5.23528,-1.75715,-0.198955,1.23895,6.048974
673,-5.365232,-1.72185,-0.25674,1.205125,6.291378
674,-5.346516,-1.637125,-0.26662,1.262825,6.133128
675,-5.178488,-1.707875,-0.25362,1.3012,5.846774
676,-5.601732,-1.66285,-0.262605,1.31725,6.254922
677,-5.062528,-1.679825,-0.25527,1.208725,5.857876
678,-5.090276,-1.7186,-0.24663,1.2606,5.678446
679,-5.003442,-1.643725,-0.27355,1.211525,6.197882
680,-5.110022,-1.7027,-0.239145,1.2139,6.299292
681,-5.456272,-1.799625,-0.23464,1.2317,5.992716
682,-5.297018,-1.741325,-0.278085,1.246875,5.92513
683,-5.26852,-1.731175,-0.27443,1.2216,6.122646
684,-5.256364,-1.786525,-0.224645,1.2456,6.028116
685,-5.104456,-1.77635,-0.199535,1.26485,6.126462
686,-5.240316,-1.867675,-0.23477,1.274825,6.01081
687,-5.331492,-1.7205,-0.201465,1.202825,6.03164
688,-5.4872,-1.7573,-0.19219,1.207375,6.101894
689,-5.21234,-1.82655,-0.222535,1.26055,6.163906
690,-5.127536,-1.7863,-0.274045,1.255025,6.240358
691,-5.027832,-1.812375,-0.231225,1.248475,6.234636
692,-5.351756,-1.80745,-0.233845,1.154375,6.290344
693,-5.355086,-1.778825,-0.287675,1.223025,6.053358
694,-5.458254,-1.74595,-0.272985,1.251375,6.190864
695,-5.158712,-1.684125,-0.24654,1.148325,5.941968
696,-5.280582,-1.912475,-0.281015,1.2366,6.057024
697,-5.220528,-1.7595,-0.33723,1.169425,5.900886
698,-5.343106,-1.735075,-0.28452,1.231275,6.194198
699,-5.442386,-1.785225,-0.297505,1.199975,5.6744
700,-5.29803,-1.769675,-0.334265,1.2553,5.732114
701,-5.472036,-1.75745,-0.269675,1.245425,5.66972
702,-5.431458,-1.716025,-0.26878,1.26015,5.704194
703,-5.3153,-1.774425,-0.26002,1.26595,5.916746
704,-5.573692,-1.730075,-0.22654,1.2568,5.901684
705,-5.241412,-1.7196,-0.29918,1.263275,6.343406
706,-5.09691,-1.77065,-0.249705,1.1897,5.910774
707,-5.800968,-1.741025,-0.234775,1.224075,5.922648
708,-5.25629,-1.713775,-0.24909,1.2156,5.963652
709,-5.511238,-1.749525,-0.30504,1.226425,6.175638
710,-5.463664,-1.7563,-0.25981,1.300325,5.911104
711,-5.234896,-1.747175,-0.29509,1.237075,6.216016
712,-5.254518,-1.744525,-0.250475,1.275425,5.796634
713,-5.207592,-1.765825,-0.247385,1.24305,6.192998
714,-5.54394,-1.74415,-0.27297,1.279775,6.057294
715,-5.301052,-1.83305,-0.24236,1.3393,5.855714
716,-5.509586,-1.799375,-0.253995,1.27225,6.189492
717,-5.283334,-1.746675,-0.244525,1.3001,6.170394
718,-5.15214,-1.7758,-0.230805,1.2883,5.863912
719,-5.017122,-1.768075,-0.226945,1.2836,5.901508
720,-5.129622,-1.76395,-0.26307,1.233525,5.985774
721,-5.366688,-1.7515,-0.257435,1.26565,5.813034
722,-5.272806,-1.770475,-0.29126,1.3128,5.664384
723,-5.000302,-1.804025,-0.208145,1.269075,5.638872
724,-5.223178,-1.759975,-0.194645,1.3011,5.801398
725,-5.201412,-1.756975,-0.222885,1.319525,5.811424
726,-5.313206,-1.719575,-0.20783,1.305575,5.97864
727,-5.502454,-1.651725,-0.19961,1.273,6.008284
728,-5.321202,-1.70095,-0.18515,1.269075,6.24759
729,-5.185082,-1.68245,-0.1705,1.29475,6.36705
730,-5.21872,-1.63865,-0.21625,1.36,6.667034
731,-5.218178,-1.65955,-0.178685,1.326625,6.326564
732,-5.297212,-1.69865,-0.183665,1.309275,6.483188
733,-5.178782,-1.6451,-0.21447,1.349325,6.234044
734,-5.325384,-1.72115,-0.272975,1.3081,6.49813
735,-5.371328,-1.680175,-0.15021,1.446625,6.26616
736,-5.196426,-1.67725,-0.21211,1.37645,6.811706
737,-5.270086,-1.723925,-0.177965,1.3767,6.501034
738,-5.259936,-1.66315,-0.147915,1.397475,6.239782
739,-5.121452,-1.744275,-0.191735,1.380125,6.383066
740,-5.213158,-1.742975,-0.0847235,1.4587,6.65591
741,-5.312436,-1.705,-0.163635,1.4912,6.468568
742,-5.280276,-1.69665,-0.035087,1.458625,6.17589
743,-5.040742,-1.760775,-0.0886905,1.495025,6.661782
744,-5.072866,-1.696925,-0.119125,1.47395,6.885802
745,-4.893298,-1.66455,-0.10893,1.43915,6.630612
746,-4.97133,-1.678075,-0.13559,1.4204,6.345856
747,-5.199124,-1.61175,-0.138655,1.500575,6.393622
748,-5.040468,-1.65685,-0.070093,1.5219,6.317908
749,-5.290966,-1.697875,-0.0919345,1.48175,6.482986
750,-4.85984,-1.703275,-0.10382,1.523675,6.455014
751,-5.058412,-1.6269,-0.114115,1.489875,6.786046
752,-5.189224,-1.67105,-0.093651,1.4196,7.094892
753,-5.142122,-1.645075,-0.113495,1.581725,7.09884
754,-5.371132,-1.605625,-0.051833,1.469225,6.973454
755,-5.249424,-1.580125,-0.0793985,1.5134,7.008928
756,-5.10162,-1.603625,-0.08248,1.58005,6.422608
757,-5.06743,-1.6119,-0.0917315,1.59805,6.525526
758,-4.825972,-1.57815,-0.0422775,1.528625,6.662186
759,-5.233486,-1.671875,-0.071627,1.522225,6.57876
760,-4.891946,-1.55135,-0.071127,1.5237,6.968084
761,-5.07495,-1.6222,-0.0721475,1.5919,6.818736
762,-4.892532,-1.6016,-0.0821085,1.570275,6.766218
763,-4.954778,-1.526125,-0.040088,1.6338,6.597502
764,-5.134878,-1.56915,-0.0633755,1.6123,6.91484
765,-4.964806,-1.597975,-0.141925,1.543675,6.830312
766,-5.046282,-1.551325,-0.01874,1.608225,6.633976
767,-5.126936,-1.60095,-0.040615,1.655125,6.47339
768,-4.890528,-1.64985,-0.0870555,1.667125,6.54078
769,-5.182452,-1.6231,-0.026761,1.5803,6.85078
770,-4.965614,-1.64025,-0.049873,1.5843,6.430058
771,-4.972598,-1.58255,-0.103305,1.514025,6.764908
772,-5.154842,-1.64185,-0.0869405,1.555175,6.608996
773,-5.441382,-1.5648,-0.080669,1.5529,6.292258
774,-5.328208,-1.6611,-0.0779725,1.5757,6.88746
775,-5.16154,-1.5935,-0.193485,1.45805,6.123582
776,-4.99623,-1.633775,-0.074141,1.523825,6.765124
777,-5.08648,-1.684925,-0.135495,1.587925,6.719788
778,-4.88916,-1.653075,-0.1604,1.49365,6.4683
779,-4.822424,-1.705225,-0.139005,1.522325,6.379898
780,-5.230364,-1.683975,-0.14178,1.6084,6.453348
781,-5.037498,-1.675875,-0.111775,1.551025,6.513838
782,-5.074608,-1.623575,-0.111155,1.4824,6.556932
783,-5.171946,-1.7002,-0.11208,1.604725,6.546852
784,-5.05964,-1.69935,-0.167635,1.5107,6.572722
785,-5.257504,-1.7168,-0.0821155,1.476425,6.777556
786,-4.981238,-1.700275,-0.12505,1.4768,6.669404
787,-5.271018,-1.7176,-0.0762625,1.530025,6.624488
788,-5.46144,-1.73995,-0.096989,1.4989,6.819652
789,-5.105762,-1.6452,-0.056395,1.5607,6.749956
790,-4.967912,-1.7465,-0.13943,1.563425,6.650998
791,-5.278734,-1.6157,-0.12654,1.4688,6.706388
792,-5.201168,-1.661025,-0.11553,1.578975,6.523242
793,-5.106046,-1.687125,-0.10188,1.5879,6.870418
794,-5.124686,-1.705475,-0.14694,1.503075,6.84255
795,-5.220762,-1.65785,-0.16177,1.527325,7.048514
796,-5.392414,-1.73655,-0.193485,1.552375,6.557284
797,-5.07865,-1.703,-0.223225,1.48445,6.671326
798,-5.464478,-1.71785,-0.124955,1.519475,6.51225
799,-5.475844,-1.67285,-0.082453,1.5552,6.7196
800,-5.272906,-1.6861,-0.1585,1.459625,6.261514
801,-5.339848,-1.699525,-0.124475,1.3897,6.370808
802,-5.390852,-1.7201,-0.18325,1.521925,6.333682
803,-5.14002,-1.673825,-0.142235,1.459225,6.454888
804,-4.977464,-1.659375,-0.192585,1.5269,6.416958
805,-5.19486,-1.697775,-0.131575,1.44335,6.807716
806,-5.095966,-1.75005,-0.192455,1.5449,6.54715
807,-5.245886,-1.74645,-0.138285,1.5631,6.7597
808,-5.203304,-1.734625,-0.147035,1.567525,6.824268
809,-5.290314,-1.69665,-0.21059,1.5917,6.993824
810,-5.640216,-1.717,-0.151985,1.494175,6.857926
811,-5.195528,-1.71905,-0.195905,1.525,6.847664
812,-5.455726,-1.779625,-0.15381,1.5008,6.762896
813,-5.35361,-1.70235,-0.12719,1.5209,6.5864
814,-5.380654,-1.70275,-0.116595,1.479175,6.827044
815,-5.556684,-1.76675,-0.16558,1.46395,6.640822
816,-5.41668,-1.68735,-0.19326,1.55385,6.37184
817,-5.468368,-1.738225,-0.11948,1.564425,6.844948
818,-5.285706,-1.663775,-0.1462,1.49845,6.6777
819,-5.088382,-1.7346,-0.16113,1.528025,6.768246
820,-5.600914,-1.756125,-0.201365,1.5185,6.771468
821,-5.321432,-1.711125,-0.138965,1.510325,6.81483
822,-5.265804,-1.6992,-0.21438,1.43345,6.701702
823,-5.280482,-1.742375,-0.184075,1.587425,6.895942
824,-5.17603,-1.744525,-0.21536,1.484175,6.588902
825,-5.454434,-1.733225,-0.201955,1.4149,6.440068
826,-5.168722,-1.7698,-0.18571,1.407875,6.314414
827,-5.517916,-1.709775,-0.1946,1.450475,6.486752
828,-5.493738,-1.733075,-0.319995,1.46285,6.269286
829,-5.186032,-1.69795,-0.24914,1.446825,5.867536
830,-5.268976,-1.837075,-0.247335,1.3782,6.184556
831,-5.089302,-1.8347,-0.279645,1.418225,6.186574
832,-5.241154,-1.80445,-0.20609,1.3822,6.411118
833,-5.187256,-1.809275,-0.22601,1.432925,6.36902
834,-5.310934,-1.791025,-0.257125,1.44045,6.493304
835,-5.310348,-1.781575,-0.22876,1.44185,6.114356
836,-5.435674,-1.82065,-0.21515,1.466425,6.424322
837,-5.412494,-1.75345,-0.243345,1.47225,6.197146
838,-5.237818,-1.842525,-0.22001,1.591475,6.0001
839,-5.652952,-1.77385,-0.162765,1.528,5.860706
840,-5.673016,-1.745725,-0.23119,1.446025,5.901688
841,-5.46973,-1.915575,-0.187085,1.46545,6.15915
842,-5.434018,-1.8423,-0.236095,1.4817,6.28852
843,-5.335588,-1.808325,-0.19887,1.362775,6.192364
844,-5.547,-1.87125,-0.313005,1.3713,6.357322
845,-5.038426,-1.955675,-0.25773,1.401725,6.301654
846,-5.24436,-1.80995,-0.23602,1.366075,6.011324
847,-4.944528,-1.81215,-0.277845,1.451975,5.996684
848,-5.246726,-1.7691,-0.286325,1.3452,5.987846
849,-5.226892,-1.7991,-0.278615,1.311525,6.233558
850,-5.124144,-1.80265,-0.319955,1.344325,6.090174
851,-5.16918,-1.7791,-0.328625,1.341375,6.11606
852,-5.21399,-1.858325,-0.277265,1.34725,6.250476
853,-5.437938,-1.77455,-0.324625,1.3001,6.630416
854,-5.375834,-1.8252,-0.323575,1.405325,6.398864
855,-5.558808,-1.909175,-0.244285,1.37985,6.580932
856,-5.325354,-1.795375,-0.32888,1.327425,6.266272
857,-5.702996,-1.8053,-0.303735,1.397425,6.209176
858,-5.295046,-1.837075,-0.26177,1.342925,6.073538
859,-5.36703,-1.8928,-0.30222,1.426075,6.277074
860,-5.321022,-1.838375,-0.25622,1.4208,6.274782
861,-5.20442,-1.783325,-0.23356,1.447,6.236918
862,-5.319072,-1.813025,-0.274015,1.440975,6.327156
863,-5.034922,-1.84835,-0.28471,1.501475,6.474758
864,-5.32028,-1.776375,-0.24128,1.484075,5.791898
865,-5.3114,-1.76125,-0.32241,1.4702,6.37987
866,-5.100358,-1.772575,-0.149835,1.4357,6.123972
867,-5.44233,-1.77765,-0.21331,1.4176,6.403864
868,-5.423546,-1.711225,-0.17992,1.4782,6.12061
869,-5.23221,-1.6785,-0.17318,1.45705,6.233442
870,-5.358876,-1.716875,-0.185605,1.5507,6.521584
871,-5.268766,-1.74665,-0.22961,1.478975,6.479862
872,-5.458318,-1.76715,-0.142165,1.553425,6.180946
873,-5.168382,-1.6965,-0.16376,1.508525,6.498734
874,-5.275394,-1.7331,-0.131185,1.5052,6.260224
875,-5.609826,-1.7801,-0.209025,1.5121,6.380224
876,-5.033854,-1.7001,-0.24508,1.579,6.277936
877,-5.303526,-1.70435,-0.16344,1.557225,6.405082
878,-5.47117,-1.7286,-0.16823,1.530775,6.31285
879,-5.315356,-1.699425,-0.163405,1.50955,6.10585
880,-5.191098,-1.772325,-0.20859,1.56545,6.288228
881,-5.195188,-1.7278,-0.119375,1.573675,6.515812
882,-5.083586,-1.696225,-0.202335,1.538025,6.153124
883,-5.184576,-1.766,-0.125725,1.646925,6.27295
884,-5.217032,-1.781675,-0.14954,1.608375,6.776374
885,-5.008038,-1.7645,-0.1027135,1.571675,6.280692
886,-4.96741,-1.8088,-0.186485,1.644525,6.541778
887,-5.332638,-1.71455,-0.13368,1.6041,6.520368
888,-5.285054,-1.77335,-0.16363,1.62525,6.407184
889,-5.408304,-1.74945,-0.13199,1.59895,6.525444
890,-5.26672,-1.70945,-0.109275,1.67105,6.70559
891,-5.332754,-1.7688,-0.1572,1.616775,6.578238
892,-5.30206,-1.637775,-0.173555,1.61445,6.508152
893,-5.285382,-1.754625,-0.143165,1.51145,6.470304
894,-5.49304,-1.65805,-0.092259,1.556,6.38725
895,-4.956746,-1.688675,-0.19933,1.545725,6.449212
896,-5.364512,-1.753975,-0.156755,1.562175,6.620266
897,-5.127084,-1.644675,-0.13857,1.6558,6.923588
898,-5.16512,-1.67145,-0.15265,1.5086,6.908114
899,-5.145348,-1.67075,-0.12155,1.55915,6.7539
900,-5.20265,-1.6912,-0.113465,1.578325,6.625406
901,-5.257194,-1.701975,-0.154965,1.463675,6.1789
902,-5.07789,-1.641325,-0.174295,1.5275,6.16447
903,-5.112804,-1.7226,-0.16952,1.44805,5.864372
904,-5.160552,-1.7543,-0.1687,1.55615,6.345354
905,-5.342458,-1.753575,-0.17962,1.42145,6.316006
906,-5.419362,-1.803475,-0.173165,1.461125,6.159888
907,-5.425936,-1.708425,-0.164905,1.472625,6.44449
908,-5.337136,-1.744225,-0.21297,1.44435,5.972992
909,-5.28531,-1.81055,-0.0454875,1.579975,6.049808
910,-5.063982,-1.72695,-0.0651055,1.5172,6.221512
911,-5.309136,-1.849525,-0.25939,1.647175,6.142478
912,-4.954024,-1.7064,-0.16815,1.5561,6.358752
913,-5.314308,-1.776575,-0.15687,1.5085,6.377872
914,-4.956848,-1.716825,-0.16498,1.5036,6.383922
915,-4.919532,-1.792725,-0.15677,1.5162,6.521976
916,-5.3154,-1.72275,-0.21569,1.5382,6.367348
917,-5.442312,-1.66135,-0.078662,1.539925,6.247862
918,-5.427574,-1.8345,-0.147545,1.5435,6.213754
919,-5.347288,-1.747725,-0.19095,1.5326,6.025232
920,-5.39236,-1.783025,-0.171645,1.5405,6.240826
921,-5.335612,-1.755225,-0.250235,1.531175,5.94893
922,-4.983934,-1.7694,-0.210855,1.51495,6.023524
923,-5.285698,-1.872675,-0.106105,1.469825,6.108076
924,-5.194648,-1.765275,-0.165705,1.493275,6.314992
925,-5.159776,-1.7869,-0.143175,1.473775,6.1807
926,-5.275792,-1.76155,-0.174215,1.43565,6.481376
927,-5.030842,-1.6375,-0.114215,1.564075,6.323578
928,-5.246652,-1.73905,-0.136665,1.552475,6.375352
929,-5.447438,-1.713,-0.112725,1.567875,6.206272
930,-5.429792,-1.712125,-0.13018,1.629,6.293308
931,-5.493348,-1.73035,-0.207335,1.45525,6.1514
932,-5.48931,-1.7874,-0.145925,1.5433,5.85017
933,-5.146362,-1.814925,-0.130905,1.467625,5.880538
934,-5.495568,-1.727225,-0.1739,1.490325,6.075194
935,-5.172778,-1.78355,-0.13502,1.578925,6.26967
936,-5.354372,-1.835225,-0.167175,1.3607,6.261834
937,-5.264258,-1.749,-0.150025,1.518275,6.15872
938,-5.029712,-1.7333,-0.153725,1.4771,6.35955
939,-5.46104,-1.734825,-0.0882785,1.5729,6.300984
940,-5.123834,-1.715975,-0.15624,1.571375,6.11291
941,-5.297626,-1.6216,-0.118615,1.6181,6.175804
942,-5.469084,-1.72145,-0.089846,1.6106,6.17619
943,-5.035598,-1.73675,-0.17762,1.546,6.041716
944,-5.438778,-1.7273,-0.120755,1.5938,6.220768
945,-5.192514,-1.733125,-0.16882,1.49195,5.95659
946,-5.30083,-1.735875,-0.144295,1.47115,6.132708
947,-5.416328,-1.716325,-0.196385,1.47435,5.936554
948,-5.273258,-1.7197,-0.190165,1.4599,6.024982
949,-5.484428,-1.700575,-0.16389,1.491375,6.048302
950,-5.2341,-1.713375,-0.242355,1.4571,6.317174
951,-5.04814,-1.71785,-0.167865,1.468,5.99592
952,-5.04404,-1.749325,-0.13794,1.576375,6.69913
953,-5.267282,-1.71055,-0.230475,1.555025,6.192966
954,-5.20038,-1.703375,-0.0662005,1.559275,6.27972
955,-5.28767,-1.761275,-0.12685,1.4803,6.038348
956,-5.25396,-1.7412,-0.076175,1.522325,5.717594
957,-5.189646,-1.804625,-0.152675,1.56125,5.93795
958,-5.111834,-1.760175,-0.11633,1.475625,5.902708
959,-5.140732,-1.716125,-0.18251,1.475925,5.641722
960,-5.220376,-1.88485,-0.23527,1.492,5.672876
961,-5.284096,-1.75485,-0.219005,1.465175,5.643076
962,-5.169812,-1.7839,-0.179425,1.45655,5.95448
963,-5.16834,-1.678675,-0.237975,1.398225,5.824606
964,-5.079456,-1.6953,-0.154505,1.384475,5.887354
965,-5.386702,-1.760025,-0.235315,1.44115,5.939118
966,-4.97633,-1.693725,-0.178455,1.408475,5.952196
967,-5.226244,-1.732625,-0.13718,1.492375,5.825042
968,-5.271342,-1.702225,-0.124755,1.438925,6.160562
969,-5.147946,-1.6695,-0.157675,1.430675,6.211838
970,-5.284334,-1.6868,-0.18878,1.401675,5.437654
971,-5.338626,-1.7418,-0.200995,1.477925,5.761776
972,-5.34687,-1.636625,-0.211655,1.360325,5.780916
973,-5.292698,-1.817725,-0.2523,1.2823,5.873128
974,-5.061212,-1.9018,-0.315055,1.39455,6.046502
975,-5.216134,-1.922125,-0.23314,1.3618,6.013364
976,-5.344888,-1.91585,-0.25945,1.35565,5.840092
977,-5.039602,-1.8513,-0.24268,1.396275,5.63007
978,-5.303604,-1.892825,-0.273675,1.46465,5.821152
979,-5.172952,-1.7745,-0.25202,1.4778,6.164194
980,-5.46702,-1.7714,-0.20571,1.362875,5.938684
981,-5.519888,-1.74225,-0.26715,1.4218,6.136864
982,-5.040106,-1.770925,-0.211105,1.4524,6.116908
983,-5.544406,-1.771175,-0.269215,1.43095,5.747718
984,-5.344898,-1.787925,-0.238875,1.477925,6.221966
985,-5.050532,-1.81335,-0.20708,1.45475,6.137282
986,-5.347002,-1.871925,-0.22808,1.352075,5.866182
987,-5.27795,-1.82305,-0.29624,1.401775,5.908924
988,-5.404896,-1.876925,-0.241895,1.370775,5.714502
989,-5.33992,-1.789675,-0.267195,1.360725,5.659302
990,-5.592824,-1.8646,-0.21848,1.36055,5.578544
991,-5.5893,-1.83415,-0.223315,1.405025,5.720392
992,-5.191788,-1.72415,-0.25009,1.457575,6.036884
993,-5.268014,-1.841375,-0.185335,1.47945,5.788538
994,-5.188376,-1.700925,-0.17011,1.444875,5.738222
995,-5.08036,-1.71135,-0.10228,1.4622,6.089768
996,-5.154802,-1.812475,-0.10327,1.525475,5.848856
997,-5.283462,-1.674325,-0.108585,1.4789,6.286792
998,-5.132996,-1.723325,-0.12665,1.449975,6.23244
999,-5.302076,-1.715725,-0.209225,1.5267,6.341666
1000,-5.242462,-1.6635,-0.185215,1.4058,6.08308
1001,-5.261156,-1.843625,-0.23153,1.26845,5.979594
1002,-5.245128,-1.768475,-0.228395,1.326825,6.04209
1003,-5.333922,-1.740425,-0.231345,1.379575,5.770316
1004,-5.391282,-1.742525,-0.22147,1.40615,5.73055
1005,-5.10343,-1.76945,-0.263735,1.398475,5.770552
1006,-5.419188,-1.778525,-0.226635,1.496575,5.796848
1007,-5.063256,-1.664025,-0.12954,1.472775,5.82528
1008,-5.049218,-1.67525,-0.15698,1.451775,5.97299
1009,-5.170112,-1.72035,-0.15418,1.495725,5.792078
1010,-5.15304,-1.62615,-0.157995,1.4843,5.834346
1011,-5.05803,-1.7137,-0.169635,1.509,6.058784
1012,-5.020928,-1.742875,-0.27703,1.5489,5.90441
1013,-5.416264,-1.747975,-0.13852,1.563,5.958836
1014,-5.11301,-1.81205,-0.237735,1.44145,5.79786
1015,-5.365142,-1.6674,-0.11726,1.515825,5.93923
1016,-5.392386,-1.769625,-0.16084,1.491,6.176198
1017,-5.228226,-1.722575,-0.122285,1.53315,6.065974
1018,-5.236044,-1.684575,-0.140575,1.487875,6.09057
1019,-5.124856,-1.71745,-0.133755,1.50535,6.382788
1020,-5.199388,-1.61285,-0.177295,1.5522,6.414828
1021,-5.337076,-1.707525,-0.19289,1.51085,6.283738
1022,-4.999132,-1.66585,-0.12184,1.550125,6.590474
1023,-5.08294,-1.583225,-0.0913735,1.520425,6.08202
1024,-5.060606,-1.644225,-0.10824,1.537025,5.957232
1025,-4.830898,-1.584325,-0.074175,1.55865,5.863618
1026,-5.22048,-1.574,-0.0632335,1.591325,5.89166
1027,-5.099468,-1.646325,-0.11124,1.5685,5.897854
1028,-5.147136,-1.557475,-0.073053,1.481225,5.744972
1029,-5.195142,-1.603225,-0.0361685,1.559275,5.898792
1030,-5.29051,-1.620875,-0.0881095,1.571275,5.782174
1031,-5.058854,-1.655375,-0.078432,1.4993,6.048204
1032,-5.211236,-1.5521,-0.09803,1.540425,5.897244
1033,-5.304142,-1.574175,-0.052671,1.611625,6.27148
1034,-5.318178,-1.601075,-0.0422435,1.593525,6.271852
1035,-5.200256,-1.547075,-0.0827165,1.52645,6.071364
1036,-5.27685,-1.6235,-0.0670585,1.604025,6.04653
1037,-5.25713,-1.61775,-0.0265515,1.6201,5.996768
1038,-5.097364,-1.5265,-0.031566,1.652325,6.052738
1039,-5.136402,-1.66755,-0.0615035,1.62225,6.084756
1040,-4.963334,-1.6454,-0.0739045,1.563075,6.10032
1041,-5.292086,-1.578275,-0.0495355,1.592275,6.425918
1042,-5.218988,-1.59395,-0.0629025,1.57095,6.046108
1043,-5.366524,-1.6495,-0.050691,1.642175,6.24512
1044,-5.006728,-1.55045,-0.0673015,1.56265,5.907616
1045,-5.23672,-1.538375,0.00139214,1.711675,6.09224
1046,-5.307828,-1.60425,-0.019672,1.589825,6.272246
1047,-5.133032,-1.513275,0.109135,1.642225,5.811508
1048,-5.149732,-1.5816,-0.01532,1.681025,6.178828
1049,-5.280352,-1.623625,0.00409526,1.713825,6.080396
1050,-5.125306,-1.486525,0.0278965,1.65505,6.021972
1051,-5.534884,-1.597225,0.016827,1.72795,6.13228
1052,-5.332388,-1.554725,-0.0197535,1.722675,5.81978
1053,-5.25578,-1.669525,0.058449,1.596725,5.918266
1054,-5.003198,-1.614925,-0.0189425,1.662275,6.181028
1055,-5.179398,-1.594975,-0.055144,1.62855,5.706274
1056,-5.21338,-1.634575,-0.00429805,1.689825,5.910854
1057,-4.962246,-1.650075,-0.061693,1.555925,5.83921
1058,-5.031716,-1.54345,-0.00456835,1.697025,5.79248
1059,-5.16168,-1.578925,-0.080196,1.534,5.746328
1060,-4.956198,-1.570575,0.0633075,1.62525,5.953162
1061,-5.140554,-1.631525,-0.0534755,1.6017,5.543962
1062,-5.000238,-1.62945,-0.0568205,1.567325,5.92288
1063,-5.079568,-1.553725,-0.00575095,1.565575,5.876992
1064,-4.972458,-1.637125,-0.0604085,1.5547,6.193546
1065,-5.208364,-1.5824,-0.028795,1.6459,6.198866
1066,-5.194638,-1.6068,-0.0360605,1.57975,6.17788
1067,-5.160868,-1.670875,-0.108475,1.603275,6.540698
1068,-5.185888,-1.60985,-0.0300995,1.5446,6.360066
1069,-5.355186,-1.69025,-0.057064,1.5434,6.381054
1070,-5.03492,-1.69035,-0.14277,1.54555,6.328864
1071,-5.065544,-1.51455,-0.0092651,1.5787,5.989032
1072,-5.28785,-1.650675,-0.085778,1.5245,6.133588
1073,-5.233256,-1.68475,0.00597395,1.718325,6.177552
1074,-5.015164,-1.6516,-0.081838,1.601075,6.076538
1075,-5.32911,-1.61385,-0.10518,1.68865,6.10924
1076,-5.127326,-1.60155,-0.0592125,1.607475,6.096784
1077,-5.183518,-1.632925,-0.10383,1.486825,6.290738
1078,-5.214092,-1.619225,0.000439285,1.592625,6.403014
1079,-5.421652,-1.6735,-0.0494005,1.617375,6.11368
1080,-5.251732,-1.53525,-0.0712485,1.58695,6.21597
1081,-5.282334,-1.522625,-0.00530495,1.61835,6.052108
1082,-5.296696,-1.6364,-0.064687,1.514475,6.202946
1083,-5.311228,-1.5691,-0.0846425,1.560675,6.311734
1084,-5.33875,-1.6485,-0.104165,1.551475,6.25121
1085,-5.279054,-1.55925,-0.0072174,1.4778,6.29254
1086,-5.205964,-1.567275,-0.0124955,1.590475,6.449556
1087,-5.32282,-1.5585,-0.0033654,1.51745,6.45658
1088,-5.173238,-1.5922,-0.00041221,1.5718,6.582498
1089,-5.092598,-1.609425,-0.065903,1.5717,6.386978
1090,-5.448602,-1.603675,-0.11077,1.54725,6.698804
1091,-5.285738,-1.632425,-0.045231,1.491525,6.286654
1092,-5.258798,-1.685525,-0.0559145,1.590825,6.352642
1093,-5.362538,-1.589475,-0.0828385,1.55875,6.414168
1094,-5.180226,-1.6489,-0.0713495,1.64065,6.249156
1095,-5.251734,-1.6493,-0.137695,1.5877,6.529408
1096,-5.283132,-1.59545,-0.049603,1.634575,6.49101
1097,-5.44486,-1.6769,-0.0715525,1.4686,6.368018
1098,-5.165226,-1.574875,-0.040581,1.6019,6.413778
1099,-5.113362,-1.5375,-0.0596655,1.650525,6.68556
1100,-5.19539,-1.657025,-0.0679775,1.6549,6.36257
1101,-5.128832,-1.547325,-0.0535155,1.662125,6.405698
1102,-5.38706,-1.63815,-0.103415,1.64795,6.411002
1103,-5.3609,-1.593575,-0.11158,1.639925,6.457268
1104,-5.137128,-1.66525,-0.1057,1.65395,6.396028
1105,-5.272404,-1.6128,-0.0840075,1.623575,5.977222
1106,-5.084624,-1.65535,-0.03481,1.614125,6.017686
1107,-5.046158,-1.595675,-0.0730595,1.7105,6.154514
1108,-5.39221,-1.55345,-0.039642,1.6354,6.289386
1109,-5.375806,-1.6397,0.0140495,1.63775,6.063034
1110,-5.288976,-1.6195,-0.0627675,1.68035,6.085586
1111,-5.066332,-1.55655,-0.0446355,1.632525,6.23084
1112,-5.06043,-1.665075,-0.0447305,1.749525,6.175228
1113,-5.165278,-1.595225,-0.051056,1.63455,6.517822
1114,-5.118836,-1.61775,-0.0472645,1.722475,6.28911
1115,-5.166568,-1.6062,-0.063166,1.6542,6.419694
1116,-5.277884,-1.5967,-0.0884405,1.575875,6.31858
1117,-5.448002,-1.6098,-0.085555,1.6565,6.28392
1118,-5.17802,-1.6447,-0.0373715,1.60805,6.526362
1119,-5.218738,-1.630825,-0.0207605,1.67825,6.535838
1120,-5.189604,-1.586375,-0.0644365,1.59905,6.573528
1121,-5.161118,-1.596475,-0.015036,1.603625,6.494836
1122,-5.083204,-1.64145,0.001723265,1.609825,6.36167
1123,-5.39399,-1.700825,0.020774,1.6353,6.499804
1124,-5.044484,-1.601525,-0.027336,1.6182,6.51674
1125,-5.131944,-1.614825,-0.04986,1.694775,6.694572
1126,-5.296316,-1.5558,-0.056273,1.717375,6.974484
1127,-5.172026,-1.62795,-0.0136645,1.624825,6.73911
1128,-5.425234,-1.619,-0.0443455,1.70265,6.520388
1129,-5.367542,-1.58375,0.01441435,1.6721,6.892884
1130,-5.261308,-1.576075,0.00144619,1.606475,6.427952
1131,-5.336754,-1.589425,-0.0019665395,1.65115,6.770688
1132,-5.365934,-1.6304,-0.0088866,1.7073,6.707856
1133,-5.22484,-1.571125,-0.024322,1.676625,6.695424
1134,-5.462088,-1.65485,-0.084575,1.689375,6.786064
1135,-5.388634,-1.649025,-0.0452305,1.68145,6.17834
1136,-5.388118,-1.7124,-0.0958405,1.690225,6.560322
1137,-5.39617,-1.585275,-0.045528,1.655025,6.673624
1138,-5.074604,-1.60115,-0.0312755,1.689,6.936454
1139,-5.38445,-1.688675,-0.013252,1.70355,6.905626
1140,-5.188702,-1.6002,-0.0807025,1.722875,6.634972
1141,-5.260786,-1.65095,-0.0254775,1.73375,6.485718
1142,-5.209464,-1.596475,-0.052678,1.800925,6.662624
1143,-5.213302,-1.604625,-0.10455,1.687525,6.596116
1144,-5.173208,-1.60465,-0.00301405,1.703075,6.817874
1145,-4.944792,-1.591475,-0.0065822,1.6483,6.737662
1146,-4.880096,-1.542325,-0.059909,1.5948,6.900912
1147,-5.086244,-1.636475,-0.0398375,1.67615,6.59565
1148,-5.021918,-1.546725,0.0389595,1.6195,6.08788
1149,-5.278924,-1.5154,-0.0481295,1.67485,6.621338
1150,-5.470944,-1.596925,0.00702145,1.70605,6.331892
1151,-5.324928,-1.5521,0.014705,1.748275,6.460512
1152,-5.089034,-1.5953,-0.0151445,1.68835,6.822778
1153,-5.126686,-1.4367,0.0305795,1.735425,6.562778
1154,-5.33362,-1.5368,-0.0183345,1.72915,6.783278
1155,-5.267038,-1.4701,0.036702,1.641025,6.74067
1156,-5.007222,-1.52625,0.032134,1.738325,6.581824
1157,-5.207814,-1.559775,0.093678,1.7155,6.626822
1158,-4.991736,-1.541625,0.0734045,1.7339,6.518734
1159,-5.335552,-1.5257,-0.0167055,1.6757,6.527948
1160,-5.47491,-1.476575,0.010691,1.637775,6.449568
1161,-5.410662,-1.574375,0.032634,1.7076,6.490018
1162,-5.34095,-1.4927,0.0524885,1.5249,6.167154
1163,-5.3997,-1.570275,0.026937,1.6852,6.1749
1164,-5.172326,-1.581775,0.058868,1.707825,6.308118
1165,-5.364302,-1.604725,-0.045183,1.617525,6.61291
1166,-5.255318,-1.46655,0.0831355,1.6678,6.81382
1167,-5.345918,-1.610275,0.0118737,1.73655,6.443132
1168,-5.18144,-1.5515,0.011475,1.75885,6.440716
1169,-5.211316,-1.43265,0.045643,1.697625,6.698888
1170,-5.291968,-1.464075,-0.030059,1.732275,6.436622
1171,-5.293254,-1.501625,0.098544,1.85705,6.355308
1172,-5.207182,-1.525725,0.0281265,1.796475,6.658532
1173,-5.483454,-1.50765,0.086224,1.81315,6.645768
1174,-5.444562,-1.483125,0.0721605,1.7278,6.72194
1175,-5.73921,-1.482775,-0.0286465,1.702875,6.58915
1176,-5.599516,-1.447975,0.024883,1.8049,6.925354
1177,-5.425526,-1.441525,0.0817235,1.670075,6.760976
1178,-5.18543,-1.599125,-0.00414935,1.691675,6.517406
1179,-5.399274,-1.41475,0.0468185,1.746975,6.747896
1180,-5.671006,-1.566325,0.0275185,1.694525,6.593016
1181,-5.279044,-1.522725,0.035053,1.7319,6.782078
1182,-5.162208,-1.463125,0.0346345,1.625875,6.939992
1183,-5.092894,-1.5539,0.042649,1.6537,6.482568
1184,-5.19504,-1.467475,0.0936575,1.6799,6.689068
1185,-5.153832,-1.4829,-0.00964335,1.637975,6.748338
1186,-5.47262,-1.509025,0.064889,1.6513,6.638622
1187,-5.036702,-1.41885,0.07975,1.6728,6.379546
1188,-5.485334,-1.52935,0.00843375,1.7,6.612022
1189,-5.093462,-1.48255,0.0377225,1.67235,6.673304
1190,-5.308532,-1.502575,-0.017165,1.575875,6.704944
1191,-5.411238,-1.533925,0.031316,1.738225,6.729506
1192,-5.315202,-1.41375,0.057915,1.739825,6.983806
1193,-5.654414,-1.508475,0.062436,1.6456,6.625334
1194,-5.225708,-1.49215,0.0072512,1.70735,6.560184
1195,-5.226736,-1.445575,0.003162705,1.645075,6.805346
1196,-5.080244,-1.4851,0.0549685,1.611025,6.3464
1197,-5.55097,-1.449675,0.0552255,1.66655,6.583262
1198,-5.211094,-1.426975,0.0017368,1.6781,6.428454
1199,-4.927216,-1.450675,0.122725,1.673575,6.384052
1200,-5.3298,-1.4339,0.077432,1.644675,6.841708
1201,-5.215412,-1.505975,0.0349855,1.68785,6.380942
1202,-5.443428,-1.4245,0.030539,1.696875,6.929586
1203,-5.466068,-1.533075,0.018158,1.642625,6.49708
1204,-4.801768,-1.4692,0.028113,1.657675,6.589666
1205,-5.01154,-1.53445,0.043203,1.667975,6.679158
1206,-5.02863,-1.585175,0.067268,1.66955,6.39093
1207,-4.975938,-1.48375,0.0489545,1.739375,6.989508
1208,-5.100496,-1.5775,0.0441085,1.61095,6.401948
1209,-5.123532,-1.51365,0.0311135,1.60185,6.331732
1210,-5.255548,-1.484475,-0.0083798,1.6357,6.655726
1211,-4.9362,-1.49085,-0.00523735,1.60135,6.500484
1212,-5.27028,-1.461175,-0.00718365,1.641475,6.561114
1213,-5.134134,-1.53175,0.0183545,1.57565,6.594978
1214,-5.242198,-1.50845,0.026788,1.618175,6.4632
1215,-5.097374,-1.50615,-0.013678,1.5099,6.762228
1216,-5.305986,-1.5177,-0.084271,1.503575,6.659188
1217,-4.98256,-1.414875,-0.029505,1.482025,6.47994
1218,-5.179832,-1.452725,0.041027,1.523525,6.480836
1219,-5.190306,-1.45175,-0.0626595,1.57605,6.333922
1220,-4.953192,-1.436275,0.0436285,1.50265,6.305572
1221,-5.200278,-1.469425,-0.0603345,1.4941,6.419034
1222,-5.156036,-1.3911,-0.000844758,1.50645,6.38703
1223,-4.914218,-1.53445,-0.0431695,1.498525,6.132796
1224,-5.231568,-1.438325,-0.0084744,1.556375,6.611064
1225,-5.238564,-1.451275,0.034641,1.5236,6.504892
1226,-5.454156,-1.57235,-0.0284235,1.5277,6.473226
1227,-5.25012,-1.512175,-0.0304785,1.561625,6.518714
1228,-5.268098,-1.457675,-0.089522,1.4661,6.25644
1229,-5.566858,-1.4708,-0.1037,1.468375,6.349696
1230,-5.217728,-1.570925,-0.0373235,1.477325,6.143596
1231,-5.444254,-1.5571,-0.100875,1.472575,5.91216
1232,-5.26531,-1.518075,-0.0877445,1.607725,6.088046
1233,-5.304082,-1.54295,-0.0626525,1.485675,6.242098
1234,-5.548324,-1.56025,-0.134295,1.5006,6.132406
1235,-5.36158,-1.553575,-0.0136915,1.510825,6.252522
1236,-5.61863,-1.55045,-0.0419195,1.502575,6.036618
1237,-5.485224,-1.546275,-0.082264,1.4976,5.940408
1238,-4.974228,-1.539775,-0.0670925,1.471125,5.716428
1239,-5.446432,-1.62925,-0.0218885,1.400675,5.678578
1240,-5.31784,-1.540375,-0.14844,1.471725,5.932162
1241,-5.266652,-1.6087,-0.0673495,1.45055,5.723864
1242,-5.393052,-1.610975,-0.12428,1.4093,5.755154
1243,-5.137976,-1.589375,-0.08642,1.41955,5.572458
1244,-5.449296,-1.526175,-0.151145,1.433425,5.832294
1245,-5.184384,-1.571,-0.09753,1.372425,6.065578
1246,-5.52567,-1.56195,-0.107945,1.38625,5.772082
1247,-5.838918,-1.55035,-0.0609625,1.415875,5.866444
1248,-5.245946,-1.48045,-0.0565295,1.43025,5.622382
1249,-5.546622,-1.55225,-0.10969,1.4807,5.223848
1250,-5.332918,-1.5625,-0.075587,1.41015,5.62527
1251,-5.32098,-1.56805,-0.083845,1.43595,5.808932
1252,-5.108984,-1.48955,-0.106745,1.405,5.43307
1253,-5.310374,-1.54155,-0.0830475,1.422,6.00414
1254,-5.169476,-1.5057,-0.0945495,1.360725,5.69526
1255,-5.213728,-1.45175,-0.037337,1.3669,5.79769
1256,-5.039042,-1.541525,-0.056719,1.3524,5.46058
1257,-5.283008,-1.382725,-0.0455685,1.440175,5.68879
1258,-5.39305,-1.556025,-0.044832,1.3864,5.745708
1259,-5.12239,-1.53245,-0.02791,1.394,5.833622
1260,-5.516372,-1.560675,-0.0941715,1.359675,6.17673
1261,-5.09512,-1.561925,-0.0556715,1.421575,5.5937
1262,-5.201574,-1.548825,-0.118695,1.3931,5.852088
1263,-5.37786,-1.562075,-0.0117855,1.3493,5.82742
1264,-5.202754,-1.5458,-0.0777835,1.403775,5.550654
1265,-5.338086,-1.547575,-0.092164,1.372575,5.580016
1266,-5.076796,-1.46065,-0.059997,1.402875,5.468306
1267,-5.103116,-1.501675,-0.129395,1.32405,5.12754
1268,-5.055282,-1.4701,-0.086501,1.4059,5.303624
1269,-5.061178,-1.509775,-0.065619,1.429225,5.43805
1270,-5.17355,-1.44325,-0.0130565,1.4091,5.16206
1271,-5.191138,-1.45835,-0.0160435,1.51285,5.520238
1272,-5.182728,-1.522225,-0.10557,1.391975,5.519774
1273,-4.88426,-1.459225,-0.0537185,1.44535,5.356832
1274,-5.05306,-1.489825,-0.041358,1.376125,5.422218
1275,-5.086688,-1.47955,-0.099335,1.436375,5.519828
1276,-4.830712,-1.4663,-0.0358845,1.44995,5.59527
1277,-5.13176,-1.38465,-0.064457,1.426525,5.23564
1278,-5.131284,-1.438,-0.066822,1.357975,5.249704
1279,-4.923764,-1.42255,-0.0476025,1.448125,5.125708
1280,-4.726614,-1.47235,-0.01008255,1.398325,5.156494
1281,-4.95869,-1.436925,-0.034053,1.39505,5.273258
1282,-5.05534,-1.372525,-0.0065349,1.476725,5.208032
1283,-4.557626,-1.477175,-0.0186785,1.41495,5.216048
1284,-5.108576,-1.3656,0.060882,1.4705,5.258172
1285,-4.978602,-1.42005,-0.0405945,1.403925,5.207996
1286,-4.921002,-1.388825,0.0104611,1.349275,5.326862
1287,-4.92187,-1.414225,0.0205645,1.406425,5.19977
1288,-4.824526,-1.357925,-0.054239,1.4252,5.141766
1289,-4.815164,-1.42165,-0.065308,1.4926,5.331456
1290,-4.988232,-1.43845,-0.030012,1.4436,5.186106
1291,-4.907316,-1.41305,-0.028424,1.44495,5.343906
1292,-4.71777,-1.391225,-0.0525155,1.457375,5.43136
1293,-4.866376,-1.387425,-0.0525425,1.387325,5.408452
1294,-4.870518,-1.409525,0.0340195,1.41465,5.448206
1295,-4.876092,-1.405625,-0.0303835,1.4413,5.176072
1296,-4.874032,-1.4616,0.0018246,1.526475,5.138426
1297,-4.875318,-1.442925,-0.0638485,1.460425,5.266566
1298,-4.931346,-1.4038,0.072255,1.49345,5.159834
1299,-4.921362,-1.396225,-0.028444,1.487325,5.396752
1300,-4.77003,-1.463825,0.0130225,1.444625,5.282732
1301,-5.082306,-1.44905,0.00710255,1.372325,5.64332
1302,-4.71002,-1.34735,0.071181,1.433975,5.13736
1303,-4.775024,-1.406175,0.0183745,1.4283,5.166518
1304,-4.731902,-1.356525,0.015009,1.448375,5.336076
1305,-4.526292,-1.407425,0.0422705,1.44505,4.956332
1306,-4.547414,-1.426125,-0.011002,1.4963,5.249484
1307,-4.792418,-1.331825,0.058584,1.4383,5.123944
1308,-4.83767,-1.38485,-0.0266195,1.478675,5.14076
1309,-4.707452,-1.386825,0.075702,1.4244,5.109224
1310,-4.787072,-1.354375,0.013955,1.40595,5.469524
1311,-4.845138,-1.389,0.040892,1.455,5.378142
1312,-4.712232,-1.3531,-0.0095692,1.44915,5.39034
1313,-4.857708,-1.356475,0.0475215,1.447075,5.076696
1314,-4.857198,-1.359975,0.030917,1.456825,5.427106
1315,-4.691308,-1.310975,0.056577,1.4663,5.315256
1316,-4.707732,-1.32595,0.0461495,1.422,5.179724
1317,-4.49492,-1.413075,-0.015685,1.4209,5.294862
1318,-4.601604,-1.3774,0.00644005,1.469775,5.116568
1319,-4.503218,-1.37885,0.0140765,1.425825,4.79084
1320,-4.37992,-1.351325,0.0675925,1.440975,4.905874
1321,-4.7403,-1.4236,0.0095014,1.46685,5.37034
1322,-4.640796,-1.3509,0.024281,1.491725,5.097808
1323,-4.77572,-1.344725,0.044028,1.391025,5.426006
1324,-4.860866,-1.30415,-0.065153,1.40535,5.272424
1325,-4.672238,-1.3373,0.04344,1.4854,4.996188
1326,-4.873106,-1.389175,0.110655,1.426375,4.97306
1327,-4.924902,-1.363425,0.0715055,1.449125,5.364314
1328,-4.511004,-1.3075,0.0379185,1.417225,5.262868
1329,-4.957588,-1.32345,0.0342355,1.47965,5.353518
1330,-4.493662,-1.304475,0.0444605,1.49565,5.373032
1331,-4.616046,-1.256375,0.0210235,1.429725,5.297336
1332,-4.659918,-1.37035,0.041372,1.488875,5.535478
1333,-4.405718,-1.313675,0.0604695,1.4927,5.063702
1334,-4.519646,-1.391825,0.085244,1.425375,5.296818
1335,-4.599282,-1.284375,0.00656195,1.450775,5.121132
1336,-4.666932,-1.29885,-0.00718365,1.457975,4.819192
1337,-4.753856,-1.355525,0.0930085,1.449175,5.073644
1338,-4.43124,-1.351425,0.0064538,1.41565,4.79125
1339,-4.559494,-1.361425,0.0013583,1.45275,5.017186
1340,-4.754656,-1.30025,0.030302,1.522475,5.02467
1341,-4.4528,-1.2955,-0.0009799,1.506825,5.092886
1342,-4.67319,-1.32885,0.0003108655,1.433775,5.440034
1343,-4.480048,-1.306275,0.0232065,1.380625,5.134128
1344,-4.561228,-1.32695,0.100376,1.40735,4.990692
1345,-4.716512,-1.29255,0.040946,1.424,5.12372
1346,-4.541782,-1.318775,-0.0506575,1.4256,5.064514
1347,-4.770022,-1.35525,0.013259,1.432375,4.955138
1348,-4.483436,-1.280925,0.021132,1.418175,5.207776
1349,-4.3361,-1.32875,-0.00298695,1.3005,5.183966
1350,-4.660438,-1.34055,-0.0323435,1.4205,5.06464
1351,-4.54924,-1.31805,0.055861,1.32165,5.149724
1352,-4.620336,-1.377025,-0.0161245,1.350175,5.09137
1353,-4.65495,-1.364675,0.0136375,1.391375,5.17731
1354,-4.196886,-1.3171,-0.051867,1.346775,4.964836
1355,-4.836212,-1.378875,-0.0205375,1.3952,5.013402
1356,-4.428108,-1.2882,-0.00777155,1.380975,4.89477
1357,-4.401134,-1.344,-0.0960025,1.323125,4.704388
1358,-4.534584,-1.328475,0.042811,1.43265,4.859966
1359,-4.216526,-1.362225,-0.0447985,1.3685,4.904748
1360,-4.58677,-1.3995,-0.0659905,1.403125,4.83815
1361,-4.596162,-1.30715,0.0188275,1.411925,4.817834
1362,-4.70911,-1.367025,-0.103925,1.349575,4.796674
1363,-4.534488,-1.372075,0.0366615,1.485,4.780282
1364,-4.381152,-1.4155,-0.0486975,1.413425,4.745364
1365,-4.729578,-1.370725,-0.0606995,1.330325,4.678256
1366,-4.53937,-1.3539,0.0413515,1.401675,4.663086
1367,-4.776102,-1.387875,-0.0169285,1.38,4.361302
1368,-4.723172,-1.35955,0.029343,1.38085,4.45859
1369,-4.809714,-1.3717,0.024538,1.37835,4.505436
1370,-4.546716,-1.39025,-0.0389525,1.3322,4.472386
1371,-4.558664,-1.328175,0.0288765,1.3029,4.393388
1372,-4.565346,-1.311725,-0.0545025,1.2774,4.484158
1373,-4.460386,-1.327725,-0.070755,1.2975,4.602348
1374,-4.671862,-1.295825,-0.0535365,1.310775,4.622624
1375,-5.01191,-1.386575,-0.076479,1.33785,4.658902
1376,-4.527382,-1.309425,-0.074391,1.296,4.589458
1377,-4.747772,-1.409325,-0.0668285,1.38065,4.646518
1378,-4.563822,-1.384225,-0.0606925,1.239025,4.456542
1379,-4.601614,-1.394125,-0.004521,1.3241,4.412096
1380,-4.707588,-1.469875,-0.050826,1.308775,4.379586
1381,-4.628554,-1.391,-0.028478,1.280425,4.572096
1382,-4.990714,-1.375425,-0.0832235,1.298175,4.600006
1383,-4.73313,-1.4305,-0.11745,1.3551,4.343622
1384,-4.695158,-1.4222,-0.080669,1.281975,4.336316
1385,-4.791986,-1.439875,-0.11818,1.33525,4.305286
1386,-4.386062,-1.33955,-0.0755805,1.32655,4.32636
1387,-4.78084,-1.454775,-0.075891,1.339075,4.385448
1388,-4.68894,-1.429475,0.0033857,1.314325,4.474482
1389,-4.702844,-1.389575,-0.0221995,1.33185,4.221558
1390,-5.022366,-1.425725,-0.0772905,1.39315,4.219846
1391,-4.626884,-1.3541,-0.0496775,1.37055,4.26797
1392,-4.51067,-1.386375,-0.035655,1.350925,4.25447
1393,-4.539688,-1.467225,-0.128065,1.324125,4.220846
1394,-4.34292,-1.388725,-0.0957185,1.37185,4.361156
1395,-4.87904,-1.4151,-0.085981,1.308475,4.211352
1396,-4.477626,-1.4088,-0.104335,1.3324,4.138926
1397,-4.4198,-1.412575,-0.106125,1.277425,4.454314
1398,-4.762184,-1.410375,-0.060943,1.266475,4.199376
1399,-4.55402,-1.31285,-0.047616,1.34995,4.38332
1400,-4.823344,-1.370625,-0.075425,1.357475,4.349866
1401,-4.574728,-1.32495,-0.023673,1.256575,4.134494
1402,-4.813108,-1.411175,-0.015016,1.333825,4.286906
1403,-4.916536,-1.35845,-0.070208,1.23895,4.379606
1404,-4.448616,-1.4425,-0.10528,1.33495,4.2354
1405,-4.590142,-1.453875,-0.0749655,1.33505,4.25644
1406,-4.629554,-1.3793,-0.0648895,1.2582,4.232468
1407,-4.635216,-1.418775,-0.061598,1.31655,4.194664
1408,-4.843072,-1.40865,-0.129805,1.309625,4.155008
1409,-4.723168,-1.416575,-0.0488865,1.259875,4.410348
1410,-4.63753,-1.33165,-0.079074,1.26385,4.12865
1411,-4.835432,-1.305775,-0.05653,1.275075,4.425542
1412,-4.578996,-1.382625,-0.081953,1.2818,4.243036
1413,-4.812086,-1.3624,-0.0422435,1.25385,4.238232
1414,-4.597506,-1.3733,-0.0277145,1.289225,4.209128
1415,-4.504434,-1.372675,-0.13672,1.337,4.26806
1416,-4.588988,-1.384125,-0.0561785,1.25385,4.277892
1417,-4.426616,-1.380425,-0.0849465,1.368375,4.279552
1418,-4.388454,-1.431975,-0.0738505,1.29135,4.250606
1419,-4.449602,-1.467975,-0.10532,1.31475,4.23514
1420,-4.525204,-1.3798,-0.0326815,1.3408,4.272632
1421,-4.43582,-1.4509,-0.059341,1.331325,4.249714
1422,-4.56157,-1.37395,-0.078466,1.2717,4.357586
1423,-4.27164,-1.380625,-0.0578345,1.29855,4.27368
1424,-4.459516,-1.403075,-0.0565975,1.27775,4.177492
1425,-4.284342,-1.341875,-0.011502,1.267025,4.210036
1426,-4.419676,-1.370625,-0.0121645,1.231825,4.228628
1427,-4.45208,-1.34635,0.0272145,1.2338,4.230332
1428,-4.209038,-1.3479,-0.015185,1.331375,4.005578
